/*
Navicat MySQL Data Transfer

Source Server         : MYSQL CONNECT
Source Server Version : 50505
Source Host           : 127.0.0.1:3306
Source Database       : tlshop

Target Server Type    : MYSQL
Target Server Version : 50505
File Encoding         : 65001

Date: 2018-04-19 23:42:40
*/

SET FOREIGN_KEY_CHECKS=0;

-- ----------------------------
-- Table structure for tec_categories
-- ----------------------------
DROP TABLE IF EXISTS `tec_categories`;
CREATE TABLE `tec_categories` (
  `id` int(11) NOT NULL AUTO_INCREMENT,
  `code` varchar(20) NOT NULL,
  `name` varchar(55) NOT NULL,
  `image` varchar(100) DEFAULT 'no_image.png',
  PRIMARY KEY (`id`)
) ENGINE=InnoDB AUTO_INCREMENT=2 DEFAULT CHARSET=utf8;

-- ----------------------------
-- Records of tec_categories
-- ----------------------------
INSERT INTO `tec_categories` VALUES ('1', 'G01', 'General', 'no_image.png');

-- ----------------------------
-- Table structure for tec_combo_items
-- ----------------------------
DROP TABLE IF EXISTS `tec_combo_items`;
CREATE TABLE `tec_combo_items` (
  `id` int(11) NOT NULL AUTO_INCREMENT,
  `product_id` int(11) NOT NULL,
  `item_code` varchar(20) NOT NULL,
  `quantity` decimal(12,4) NOT NULL,
  `price` decimal(25,4) DEFAULT NULL,
  `cost` decimal(25,4) DEFAULT NULL,
  PRIMARY KEY (`id`)
) ENGINE=InnoDB DEFAULT CHARSET=utf8;

-- ----------------------------
-- Records of tec_combo_items
-- ----------------------------

-- ----------------------------
-- Table structure for tec_customers
-- ----------------------------
DROP TABLE IF EXISTS `tec_customers`;
CREATE TABLE `tec_customers` (
  `id` int(11) NOT NULL AUTO_INCREMENT,
  `name` varchar(55) NOT NULL,
  `cf1` varchar(255) NOT NULL,
  `cf2` varchar(255) NOT NULL,
  `phone` varchar(20) NOT NULL,
  `email` varchar(100) NOT NULL,
  `store_id` int(11) DEFAULT NULL,
  PRIMARY KEY (`id`)
) ENGINE=InnoDB AUTO_INCREMENT=7 DEFAULT CHARSET=utf8;

-- ----------------------------
-- Records of tec_customers
-- ----------------------------
INSERT INTO `tec_customers` VALUES ('1', 'Walk-in Client', '', '', '012345678', 'customer@tecdiary.com', null);
INSERT INTO `tec_customers` VALUES ('2', 'edfkdjkfk', '', '', '03945496594', 'kfked@gffkg.fofo', null);
INSERT INTO `tec_customers` VALUES ('3', 'quân', '', '', '', '', null);
INSERT INTO `tec_customers` VALUES ('4', 'quang', '', '', '', '', null);
INSERT INTO `tec_customers` VALUES ('5', 'anh', '', '', '', '', null);
INSERT INTO `tec_customers` VALUES ('6', 'quân', '', '', '', '', null);

-- ----------------------------
-- Table structure for tec_expenses
-- ----------------------------
DROP TABLE IF EXISTS `tec_expenses`;
CREATE TABLE `tec_expenses` (
  `id` int(11) NOT NULL AUTO_INCREMENT,
  `date` timestamp NOT NULL DEFAULT CURRENT_TIMESTAMP,
  `reference` varchar(50) NOT NULL,
  `amount` decimal(25,4) NOT NULL,
  `note` varchar(1000) DEFAULT NULL,
  `created_by` varchar(55) NOT NULL,
  `attachment` varchar(55) DEFAULT NULL,
  `store_id` int(11) NOT NULL DEFAULT '1',
  PRIMARY KEY (`id`)
) ENGINE=InnoDB DEFAULT CHARSET=utf8;

-- ----------------------------
-- Records of tec_expenses
-- ----------------------------

-- ----------------------------
-- Table structure for tec_gift_cards
-- ----------------------------
DROP TABLE IF EXISTS `tec_gift_cards`;
CREATE TABLE `tec_gift_cards` (
  `id` int(11) NOT NULL AUTO_INCREMENT,
  `date` timestamp NOT NULL DEFAULT CURRENT_TIMESTAMP,
  `card_no` varchar(20) NOT NULL,
  `value` decimal(25,4) NOT NULL,
  `customer_id` int(11) DEFAULT NULL,
  `balance` decimal(25,4) NOT NULL,
  `expiry` date DEFAULT NULL,
  `created_by` int(11) DEFAULT NULL,
  `store_id` int(11) DEFAULT NULL,
  PRIMARY KEY (`id`),
  UNIQUE KEY `card_no` (`card_no`)
) ENGINE=InnoDB AUTO_INCREMENT=5 DEFAULT CHARSET=utf8;

-- ----------------------------
-- Records of tec_gift_cards
-- ----------------------------
INSERT INTO `tec_gift_cards` VALUES ('1', '2018-04-19 00:09:13', '1520 5471 6198 1521', '1000.0000', null, '1000.0000', null, '1', null);
INSERT INTO `tec_gift_cards` VALUES ('2', '2018-04-19 00:17:34', '0281 5595 6445 1508', '200000.0000', null, '-2241483.1000', null, '1', null);
INSERT INTO `tec_gift_cards` VALUES ('3', '2018-04-19 00:18:40', '0270 9457 4329 1811', '10.0000', null, '10.0000', null, '1', null);
INSERT INTO `tec_gift_cards` VALUES ('4', '2018-04-19 00:24:00', '8245 9752 0814 6909', '20000.0000', null, '20000.0000', null, '1', null);

-- ----------------------------
-- Table structure for tec_groups
-- ----------------------------
DROP TABLE IF EXISTS `tec_groups`;
CREATE TABLE `tec_groups` (
  `id` mediumint(8) unsigned NOT NULL AUTO_INCREMENT,
  `name` varchar(20) NOT NULL,
  `description` varchar(100) NOT NULL,
  PRIMARY KEY (`id`)
) ENGINE=InnoDB AUTO_INCREMENT=3 DEFAULT CHARSET=utf8;

-- ----------------------------
-- Records of tec_groups
-- ----------------------------
INSERT INTO `tec_groups` VALUES ('1', 'admin', 'Administrator');
INSERT INTO `tec_groups` VALUES ('2', 'staff', 'Staff');

-- ----------------------------
-- Table structure for tec_login_attempts
-- ----------------------------
DROP TABLE IF EXISTS `tec_login_attempts`;
CREATE TABLE `tec_login_attempts` (
  `id` mediumint(8) unsigned NOT NULL AUTO_INCREMENT,
  `ip_address` varbinary(16) NOT NULL,
  `login` varchar(100) NOT NULL,
  `time` int(11) unsigned DEFAULT NULL,
  PRIMARY KEY (`id`)
) ENGINE=InnoDB AUTO_INCREMENT=2 DEFAULT CHARSET=utf8;

-- ----------------------------
-- Records of tec_login_attempts
-- ----------------------------
INSERT INTO `tec_login_attempts` VALUES ('1', 0x3A3A31, 'admin', '1524057522');

-- ----------------------------
-- Table structure for tec_payments
-- ----------------------------
DROP TABLE IF EXISTS `tec_payments`;
CREATE TABLE `tec_payments` (
  `id` int(11) NOT NULL AUTO_INCREMENT,
  `date` timestamp NULL DEFAULT CURRENT_TIMESTAMP,
  `sale_id` int(11) DEFAULT NULL,
  `customer_id` int(11) DEFAULT NULL,
  `transaction_id` varchar(50) DEFAULT NULL,
  `paid_by` varchar(20) NOT NULL,
  `cheque_no` varchar(20) DEFAULT NULL,
  `cc_no` varchar(20) DEFAULT NULL,
  `cc_holder` varchar(25) DEFAULT NULL,
  `cc_month` varchar(2) DEFAULT NULL,
  `cc_year` varchar(4) DEFAULT NULL,
  `cc_type` varchar(20) DEFAULT NULL,
  `amount` decimal(25,4) NOT NULL,
  `currency` varchar(3) DEFAULT NULL,
  `created_by` int(11) NOT NULL,
  `attachment` varchar(55) DEFAULT NULL,
  `note` varchar(1000) DEFAULT NULL,
  `pos_paid` decimal(25,4) DEFAULT '0.0000',
  `pos_balance` decimal(25,4) DEFAULT '0.0000',
  `gc_no` varchar(20) DEFAULT NULL,
  `reference` varchar(50) DEFAULT NULL,
  `updated_by` int(11) DEFAULT NULL,
  `updated_at` timestamp NULL DEFAULT NULL,
  `store_id` int(11) NOT NULL DEFAULT '1',
  PRIMARY KEY (`id`)
) ENGINE=InnoDB AUTO_INCREMENT=15 DEFAULT CHARSET=utf8;

-- ----------------------------
-- Records of tec_payments
-- ----------------------------
INSERT INTO `tec_payments` VALUES ('1', '2018-04-18 21:08:47', '1', '3', null, 'cash', '', '', '', '', '', '', '2439.1500', null, '1', null, 'note dưới', '2439.1500', '0.0000', '', null, null, null, '1');
INSERT INTO `tec_payments` VALUES ('2', '2018-04-18 21:12:54', '2', '3', null, 'cash', '', '', '', '', '', '', '2439.1500', null, '1', null, '', '2439.1500', '0.0000', '', null, null, null, '1');
INSERT INTO `tec_payments` VALUES ('3', '2018-04-18 23:39:56', '3', '3', null, 'cash', '', '', '', '', '', '', '14528.8500', null, '1', null, '', '14528.8500', '0.0000', '', null, null, null, '1');
INSERT INTO `tec_payments` VALUES ('4', '2018-04-18 23:50:01', '4', '3', null, 'cash', '', '', '', '', '', '', '4000.0000', null, '1', null, '', '4000.0000', '-3211.4000', '', null, null, null, '1');
INSERT INTO `tec_payments` VALUES ('5', '2018-04-19 00:30:17', '6', '3', null, 'gift_card', '', '', '', '', '', '', '2441483.1000', null, '1', null, '', '2441483.1000', '0.0000', '0281 5595 6445 1508', null, null, null, '1');
INSERT INTO `tec_payments` VALUES ('6', '2018-04-19 11:22:07', '7', '3', null, 'cash', '', '', '', '', '', '', '19089.0000', null, '1', null, '', '19089.0000', '0.0000', '', null, null, null, '1');
INSERT INTO `tec_payments` VALUES ('7', '2018-04-19 11:26:42', '8', '3', null, 'cash', '', '', '', '', '', '', '4772.2500', null, '1', null, '22222', '4772.2500', '0.0000', '', null, null, null, '1');
INSERT INTO `tec_payments` VALUES ('8', '2018-04-19 11:50:06', '9', '3', null, 'cash', '', '', '', '', '', '', '4772.2500', null, '1', null, '2222', '4772.2500', '0.0000', '', null, null, null, '1');
INSERT INTO `tec_payments` VALUES ('9', '2018-04-19 11:53:39', '10', '3', null, 'cash', '', '', '', '', '', '', '4772.2500', null, '1', null, '', '4772.2500', '0.0000', '', null, null, null, '1');
INSERT INTO `tec_payments` VALUES ('10', '2018-04-19 12:00:34', '11', '3', null, 'cash', '', '', '', '', '', '', '4772.2500', null, '1', null, '', '4772.2500', '0.0000', '', null, null, null, '1');
INSERT INTO `tec_payments` VALUES ('11', '2018-04-19 15:44:26', '12', '2', null, 'cash', '', '', '', '', '', '', '14422.8000', null, '1', null, '', '14422.8000', '0.0000', '', null, null, null, '1');
INSERT INTO `tec_payments` VALUES ('12', '2018-04-19 15:53:02', '13', '3', null, 'cash', '', '', '', '', '', '', '7211.4000', null, '1', null, '', '7211.4000', '0.0000', '', null, null, null, '1');
INSERT INTO `tec_payments` VALUES ('13', '2018-04-19 15:54:22', '14', '2', null, 'cash', '', '', '', '', '', '', '21528.1500', null, '1', null, '', '21528.1500', '0.0000', '', null, null, null, '1');
INSERT INTO `tec_payments` VALUES ('14', '2018-04-19 17:10:07', '15', '4', null, 'cash', '', '', '', '', '', '', '19195.0500', null, '1', null, '', '19195.0500', '0.0000', '', null, null, null, '1');

-- ----------------------------
-- Table structure for tec_printers
-- ----------------------------
DROP TABLE IF EXISTS `tec_printers`;
CREATE TABLE `tec_printers` (
  `id` int(11) NOT NULL AUTO_INCREMENT,
  `title` varchar(55) NOT NULL,
  `type` varchar(25) NOT NULL,
  `profile` varchar(25) NOT NULL,
  `char_per_line` tinyint(3) unsigned DEFAULT NULL,
  `path` varchar(255) DEFAULT NULL,
  `ip_address` varbinary(45) DEFAULT NULL,
  `port` varchar(10) DEFAULT NULL,
  PRIMARY KEY (`id`)
) ENGINE=InnoDB AUTO_INCREMENT=2 DEFAULT CHARSET=utf8;

-- ----------------------------
-- Records of tec_printers
-- ----------------------------
INSERT INTO `tec_printers` VALUES ('1', 'XPrinter', 'network', 'default', '45', '', 0x3139322E3136382E312E323030, '9100');

-- ----------------------------
-- Table structure for tec_products
-- ----------------------------
DROP TABLE IF EXISTS `tec_products`;
CREATE TABLE `tec_products` (
  `id` int(11) NOT NULL AUTO_INCREMENT,
  `code` varchar(50) NOT NULL,
  `name` char(255) NOT NULL,
  `category_id` int(11) NOT NULL DEFAULT '1',
  `price` decimal(25,4) NOT NULL,
  `image` varchar(255) DEFAULT 'no_image.png',
  `tax` varchar(20) DEFAULT NULL,
  `cost` decimal(25,4) DEFAULT NULL,
  `tax_method` tinyint(1) DEFAULT '1',
  `quantity` decimal(15,4) DEFAULT '0.0000',
  `barcode_symbology` varchar(20) NOT NULL DEFAULT 'code39',
  `type` varchar(20) NOT NULL DEFAULT 'standard',
  `details` text,
  `alert_quantity` decimal(10,4) DEFAULT '0.0000',
  PRIMARY KEY (`id`),
  UNIQUE KEY `code` (`code`)
) ENGINE=InnoDB AUTO_INCREMENT=3 DEFAULT CHARSET=utf8;

-- ----------------------------
-- Records of tec_products
-- ----------------------------
INSERT INTO `tec_products` VALUES ('1', 'dkfks', 'jsdfjkdskl', '1', '2323.0000', 'no_image.png', '0', '234.0000', '0', '0.0000', 'code128', 'standard', '', '0.0000');
INSERT INTO `tec_products` VALUES ('2', '1324', 'spb', '1', '4545.0000', 'no_image.png', '04546', '35435.0000', '0', '0.0000', 'code128', 'standard', '', '0.0000');

-- ----------------------------
-- Table structure for tec_product_store_qty
-- ----------------------------
DROP TABLE IF EXISTS `tec_product_store_qty`;
CREATE TABLE `tec_product_store_qty` (
  `id` int(11) NOT NULL AUTO_INCREMENT,
  `product_id` int(11) NOT NULL,
  `store_id` int(11) NOT NULL,
  `quantity` decimal(15,4) NOT NULL DEFAULT '0.0000',
  `price` decimal(25,4) DEFAULT NULL,
  PRIMARY KEY (`id`),
  KEY `product_id` (`product_id`),
  KEY `store_id` (`store_id`)
) ENGINE=InnoDB AUTO_INCREMENT=3 DEFAULT CHARSET=utf8;

-- ----------------------------
-- Records of tec_product_store_qty
-- ----------------------------
INSERT INTO `tec_product_store_qty` VALUES ('1', '1', '1', '-1015.0000', '2323.0000');
INSERT INTO `tec_product_store_qty` VALUES ('2', '2', '1', '-22.0000', '4545.0000');

-- ----------------------------
-- Table structure for tec_purchases
-- ----------------------------
DROP TABLE IF EXISTS `tec_purchases`;
CREATE TABLE `tec_purchases` (
  `id` int(11) NOT NULL AUTO_INCREMENT,
  `reference` varchar(55) NOT NULL,
  `date` timestamp NOT NULL DEFAULT CURRENT_TIMESTAMP,
  `note` varchar(1000) NOT NULL,
  `total` decimal(25,4) NOT NULL,
  `attachment` varchar(255) DEFAULT NULL,
  `supplier_id` int(11) DEFAULT NULL,
  `received` tinyint(1) DEFAULT NULL,
  `created_by` int(11) NOT NULL,
  `store_id` int(11) NOT NULL DEFAULT '1',
  PRIMARY KEY (`id`)
) ENGINE=InnoDB AUTO_INCREMENT=2 DEFAULT CHARSET=utf8;

-- ----------------------------
-- Records of tec_purchases
-- ----------------------------
INSERT INTO `tec_purchases` VALUES ('1', '', '2018-04-19 00:31:00', '', '70870.0000', null, null, null, '1', '1');

-- ----------------------------
-- Table structure for tec_purchase_items
-- ----------------------------
DROP TABLE IF EXISTS `tec_purchase_items`;
CREATE TABLE `tec_purchase_items` (
  `id` int(11) NOT NULL AUTO_INCREMENT,
  `purchase_id` int(11) NOT NULL,
  `product_id` int(11) NOT NULL,
  `quantity` decimal(15,4) NOT NULL,
  `cost` decimal(25,4) NOT NULL,
  `subtotal` decimal(25,4) NOT NULL,
  PRIMARY KEY (`id`)
) ENGINE=InnoDB AUTO_INCREMENT=2 DEFAULT CHARSET=utf8;

-- ----------------------------
-- Records of tec_purchase_items
-- ----------------------------
INSERT INTO `tec_purchase_items` VALUES ('1', '1', '2', '2.0000', '35435.0000', '70870.0000');

-- ----------------------------
-- Table structure for tec_registers
-- ----------------------------
DROP TABLE IF EXISTS `tec_registers`;
CREATE TABLE `tec_registers` (
  `id` int(11) NOT NULL AUTO_INCREMENT,
  `date` timestamp NOT NULL DEFAULT CURRENT_TIMESTAMP,
  `user_id` int(11) NOT NULL,
  `cash_in_hand` decimal(25,4) NOT NULL,
  `status` varchar(10) NOT NULL,
  `total_cash` decimal(25,4) DEFAULT NULL,
  `total_cheques` int(11) DEFAULT NULL,
  `total_cc_slips` int(11) DEFAULT NULL,
  `total_cash_submitted` decimal(25,4) DEFAULT NULL,
  `total_cheques_submitted` int(11) DEFAULT NULL,
  `total_cc_slips_submitted` int(11) DEFAULT NULL,
  `note` text,
  `closed_at` timestamp NULL DEFAULT NULL,
  `transfer_opened_bills` varchar(50) DEFAULT NULL,
  `closed_by` int(11) DEFAULT NULL,
  `store_id` int(11) NOT NULL DEFAULT '1',
  PRIMARY KEY (`id`)
) ENGINE=InnoDB AUTO_INCREMENT=2 DEFAULT CHARSET=utf8;

-- ----------------------------
-- Records of tec_registers
-- ----------------------------
INSERT INTO `tec_registers` VALUES ('1', '2018-04-18 20:20:23', '1', '1000000000.0000', 'open', null, null, null, null, null, null, null, null, null, null, '1');

-- ----------------------------
-- Table structure for tec_sales
-- ----------------------------
DROP TABLE IF EXISTS `tec_sales`;
CREATE TABLE `tec_sales` (
  `id` int(11) NOT NULL AUTO_INCREMENT,
  `date` datetime NOT NULL,
  `customer_id` int(11) NOT NULL,
  `customer_name` varchar(55) NOT NULL,
  `total` decimal(25,4) NOT NULL,
  `product_discount` decimal(25,4) DEFAULT NULL,
  `order_discount_id` varchar(20) DEFAULT NULL,
  `order_discount` decimal(25,4) DEFAULT NULL,
  `total_discount` decimal(25,4) DEFAULT NULL,
  `product_tax` decimal(25,4) DEFAULT NULL,
  `order_tax_id` varchar(20) DEFAULT NULL,
  `order_tax` decimal(25,4) DEFAULT NULL,
  `total_tax` decimal(25,4) DEFAULT NULL,
  `grand_total` decimal(25,4) NOT NULL,
  `total_items` int(11) DEFAULT NULL,
  `total_quantity` decimal(15,4) DEFAULT NULL,
  `paid` decimal(25,4) DEFAULT NULL,
  `created_by` int(11) DEFAULT NULL,
  `updated_by` int(11) DEFAULT NULL,
  `updated_at` datetime DEFAULT NULL,
  `note` varchar(1000) DEFAULT NULL,
  `status` varchar(20) DEFAULT NULL,
  `rounding` decimal(10,4) DEFAULT NULL,
  `store_id` int(11) NOT NULL DEFAULT '1',
  `hold_ref` varchar(255) DEFAULT NULL,
  PRIMARY KEY (`id`)
) ENGINE=InnoDB AUTO_INCREMENT=16 DEFAULT CHARSET=utf8;

-- ----------------------------
-- Records of tec_sales
-- ----------------------------
INSERT INTO `tec_sales` VALUES ('1', '2018-04-18 21:08:47', '3', 'quân', '2323.0000', '0.0000', null, '0.0000', '0.0000', '0.0000', '5%', '116.1500', '116.1500', '2439.1500', '1', '1.0000', '2439.1500', '1', null, null, 'note tr&ecirc;n', 'paid', '0.0000', '1', '');
INSERT INTO `tec_sales` VALUES ('2', '2018-04-18 21:12:54', '3', 'quân', '2323.0000', '0.0000', null, '0.0000', '0.0000', '0.0000', '5%', '116.1500', '116.1500', '2439.1500', '1', '1.0000', '2439.1500', '1', null, null, '', 'paid', '0.0000', '1', '');
INSERT INTO `tec_sales` VALUES ('3', '2018-04-18 23:39:56', '3', 'quân', '9389.8261', '0.0000', null, '0.0000', '0.0000', '4447.1739', '5%', '691.8500', '5139.0239', '14528.8500', '2', '5.0000', '14528.8500', '1', '1', '2018-04-18 23:48:53', '', 'partial', '0.0000', '1', '');
INSERT INTO `tec_sales` VALUES ('4', '2018-04-18 23:50:01', '3', 'quân', '2420.8261', '0.0000', null, '0.0000', '0.0000', '4447.1739', '5%', '343.4000', '4790.5739', '7211.4000', '2', '2.0000', '4000.0000', '1', null, null, '', 'partial', '0.0000', '1', '');
INSERT INTO `tec_sales` VALUES ('5', '2018-04-19 00:29:07', '3', 'quân', '2958.5015', '20.0000', '10', '10.0000', '30.0000', '29344.4985', null, '0.0000', '29344.4985', '32293.0000', '2', '2.0000', '0.0000', '1', null, null, '', 'due', '0.0000', '1', '');
INSERT INTO `tec_sales` VALUES ('6', '2018-04-19 00:30:17', '3', 'quân', '2320774.8261', '0.0000', null, '0.0000', '0.0000', '4447.1739', '5%', '116261.1000', '120708.2739', '2441483.1000', '2', '1000.0000', '2441483.1000', '1', null, null, '', 'paid', '0.0000', '1', '');
INSERT INTO `tec_sales` VALUES ('7', '2018-04-19 11:22:07', '3', 'quân', '391.3044', '0.0000', null, '0.0000', '0.0000', '17788.6956', '5%', '909.0000', '18697.6956', '19089.0000', '1', '4.0000', '19089.0000', '1', null, null, '', 'paid', '0.0000', '1', '');
INSERT INTO `tec_sales` VALUES ('8', '2018-04-19 11:26:42', '3', 'quân', '97.8261', '0.0000', null, '0.0000', '0.0000', '4447.1739', '5%', '227.2500', '4674.4239', '4772.2500', '1', '1.0000', '4772.2500', '1', null, null, '11111', 'paid', '0.0000', '1', '');
INSERT INTO `tec_sales` VALUES ('9', '2018-04-19 11:50:06', '3', 'quân', '97.8261', '0.0000', null, '0.0000', '0.0000', '4447.1739', '5%', '227.2500', '4674.4239', '4772.2500', '1', '1.0000', '4772.2500', '1', null, null, '1111', 'paid', '0.0000', '1', '');
INSERT INTO `tec_sales` VALUES ('10', '2018-04-19 11:53:39', '3', 'quân', '97.8261', '0.0000', null, '0.0000', '0.0000', '4447.1739', '5%', '227.2500', '4674.4239', '4772.2500', '1', '1.0000', '4772.2500', '1', null, null, '', 'paid', '0.0000', '1', '');
INSERT INTO `tec_sales` VALUES ('11', '2018-04-19 12:00:34', '3', 'quân', '4939.4783', '0.0000', null, '0.0000', '0.0000', '13341.5217', '5%', '914.0500', '14255.5717', '19195.0500', '2', '5.0000', '4772.2500', '1', '1', '2018-04-19 15:48:36', '', 'partial', '0.0000', '1', '');
INSERT INTO `tec_sales` VALUES ('12', '2018-04-19 15:44:26', '2', 'edfkdjkfk', '4841.6522', '0.0000', null, '0.0000', '0.0000', '8894.3478', '5%', '686.8000', '9581.1478', '14422.8000', '2', '4.0000', '14422.8000', '1', null, null, '', 'paid', '0.0000', '1', '');
INSERT INTO `tec_sales` VALUES ('13', '2018-04-19 15:53:02', '3', 'quân', '2420.8261', '0.0000', null, '0.0000', '0.0000', '4447.1739', '5%', '343.4000', '4790.5739', '7211.4000', '2', '2.0000', '7211.4000', '1', null, null, '', 'paid', '0.0000', '1', '');
INSERT INTO `tec_sales` VALUES ('14', '2018-04-19 15:54:22', '2', 'edfkdjkfk', '2714.3044', '0.0000', null, '0.0000', '0.0000', '17788.6956', '5%', '1025.1500', '18813.8456', '21528.1500', '2', '5.0000', '21528.1500', '1', null, null, '', 'paid', '0.0000', '1', '');
INSERT INTO `tec_sales` VALUES ('15', '2018-04-19 17:10:07', '4', 'quang', '4939.4783', '0.0000', null, '0.0000', '0.0000', '13341.5217', '5%', '914.0500', '14255.5717', '19195.0500', '2', '5.0000', '19195.0500', '1', null, null, '', 'paid', '0.0000', '1', '');

-- ----------------------------
-- Table structure for tec_sale_items
-- ----------------------------
DROP TABLE IF EXISTS `tec_sale_items`;
CREATE TABLE `tec_sale_items` (
  `id` int(11) NOT NULL AUTO_INCREMENT,
  `sale_id` int(11) NOT NULL,
  `product_id` int(11) NOT NULL,
  `quantity` decimal(15,4) NOT NULL,
  `unit_price` decimal(25,4) NOT NULL,
  `net_unit_price` decimal(25,4) NOT NULL,
  `discount` varchar(20) DEFAULT NULL,
  `item_discount` decimal(25,4) DEFAULT NULL,
  `tax` int(20) DEFAULT NULL,
  `item_tax` decimal(25,4) DEFAULT NULL,
  `subtotal` decimal(25,4) NOT NULL,
  `real_unit_price` decimal(25,4) DEFAULT NULL,
  `cost` decimal(25,4) DEFAULT '0.0000',
  `product_code` varchar(50) DEFAULT NULL,
  `product_name` varchar(50) DEFAULT NULL,
  `comment` varchar(255) DEFAULT NULL,
  `comment2` text,
  `remove_qty` tinyint(4) DEFAULT '0',
  PRIMARY KEY (`id`)
) ENGINE=InnoDB AUTO_INCREMENT=36 DEFAULT CHARSET=utf8;

-- ----------------------------
-- Records of tec_sale_items
-- ----------------------------
INSERT INTO `tec_sale_items` VALUES ('1', '1', '1', '1.0000', '2323.0000', '2323.0000', '0', '0.0000', '0', '0.0000', '2323.0000', '2323.0000', '234.0000', 'dkfks', 'jsdfjkdskl', 'XCVCFGHGJ', null, '0');
INSERT INTO `tec_sale_items` VALUES ('2', '2', '1', '1.0000', '2323.0000', '2323.0000', '0', '0.0000', '0', '0.0000', '2323.0000', '2323.0000', '234.0000', 'dkfks', 'jsdfjkdskl', 'chú ys sản phẩm', null, '0');
INSERT INTO `tec_sale_items` VALUES ('5', '3', '1', '4.0000', '2323.0000', '2323.0000', '0', '0.0000', '0', '0.0000', '9292.0000', '2323.0000', '234.0000', 'dkfks', 'jsdfjkdskl', '', null, '0');
INSERT INTO `tec_sale_items` VALUES ('6', '3', '2', '1.0000', '4545.0000', '97.8261', '0', '0.0000', '4546', '4447.1739', '4545.0000', '4545.0000', '35435.0000', '1324', 'spb', '', null, '0');
INSERT INTO `tec_sale_items` VALUES ('7', '4', '1', '1.0000', '2323.0000', '2323.0000', '0', '0.0000', '0', '0.0000', '2323.0000', '2323.0000', '234.0000', 'dkfks', 'jsdfjkdskl', '', null, '0');
INSERT INTO `tec_sale_items` VALUES ('8', '4', '2', '1.0000', '4545.0000', '97.8261', '0', '0.0000', '4546', '4447.1739', '4545.0000', '4545.0000', '35435.0000', '1324', 'spb', '', null, '0');
INSERT INTO `tec_sale_items` VALUES ('9', '5', '1', '1.0000', '2313.0000', '2313.0000', '10', '10.0000', '0', '0.0000', '2313.0000', '2323.0000', '234.0000', 'dkfks', 'jsdfjkdskl', '', null, '0');
INSERT INTO `tec_sale_items` VALUES ('10', '5', '2', '1.0000', '29990.0000', '645.5015', '10', '10.0000', '4546', '29344.4985', '29990.0000', '30000.0000', '35435.0000', '1324', 'spb', '', null, '0');
INSERT INTO `tec_sale_items` VALUES ('11', '6', '1', '999.0000', '2323.0000', '2323.0000', '0', '0.0000', '0', '0.0000', '2320677.0000', '2323.0000', '234.0000', 'dkfks', 'jsdfjkdskl', '', null, '0');
INSERT INTO `tec_sale_items` VALUES ('12', '6', '2', '1.0000', '4545.0000', '97.8261', '0', '0.0000', '4546', '4447.1739', '4545.0000', '4545.0000', '35435.0000', '1324', 'spb', '', null, '0');
INSERT INTO `tec_sale_items` VALUES ('13', '7', '2', '4.0000', '4545.0000', '97.8261', '0', '0.0000', '4546', '17788.6956', '18180.0000', '4545.0000', '35435.0000', '1324', 'spb', 'comment 1', null, '0');
INSERT INTO `tec_sale_items` VALUES ('14', '8', '2', '1.0000', '4545.0000', '97.8261', '0', '0.0000', '4546', '4447.1739', '4545.0000', '4545.0000', '35435.0000', '1324', 'spb', '', null, '0');
INSERT INTO `tec_sale_items` VALUES ('15', '9', '2', '1.0000', '4545.0000', '97.8261', '0', '0.0000', '4546', '4447.1739', '4545.0000', '4545.0000', '35435.0000', '1324', 'spb', 'cmt1', null, '0');
INSERT INTO `tec_sale_items` VALUES ('16', '10', '2', '1.0000', '4545.0000', '97.8261', '0', '0.0000', '4546', '4447.1739', '4545.0000', '4545.0000', '35435.0000', '1324', 'spb', '', null, '0');
INSERT INTO `tec_sale_items` VALUES ('26', '12', '1', '2.0000', '2323.0000', '2323.0000', '0', '0.0000', '0', '0.0000', '4646.0000', '2323.0000', '234.0000', 'dkfks', 'jsdfjkdskl', '', 'undefined', '0');
INSERT INTO `tec_sale_items` VALUES ('27', '12', '2', '2.0000', '4545.0000', '97.8261', '0', '0.0000', '4546', '8894.3478', '9090.0000', '4545.0000', '35435.0000', '1324', 'spb', '', 'undefined', '0');
INSERT INTO `tec_sale_items` VALUES ('28', '11', '1', '2.0000', '2323.0000', '2323.0000', '0', '0.0000', '0', '0.0000', '4646.0000', '2323.0000', '234.0000', 'dkfks', 'jsdfjkdskl', '1commen111', '2commen222', '0');
INSERT INTO `tec_sale_items` VALUES ('29', '11', '2', '3.0000', '4545.0000', '97.8261', '0', '0.0000', '4546', '13341.5217', '13635.0000', '4545.0000', '35435.0000', '1324', 'spb', 'comment 111', 'comment 222', '0');
INSERT INTO `tec_sale_items` VALUES ('30', '13', '1', '1.0000', '2323.0000', '2323.0000', '0', '0.0000', '0', '0.0000', '2323.0000', '2323.0000', '234.0000', 'dkfks', 'jsdfjkdskl', '', '', '0');
INSERT INTO `tec_sale_items` VALUES ('31', '13', '2', '1.0000', '4545.0000', '97.8261', '0', '0.0000', '4546', '4447.1739', '4545.0000', '4545.0000', '35435.0000', '1324', 'spb', '', '', '0');
INSERT INTO `tec_sale_items` VALUES ('32', '14', '1', '1.0000', '2323.0000', '2323.0000', '0', '0.0000', '0', '0.0000', '2323.0000', '2323.0000', '234.0000', 'dkfks', 'jsdfjkdskl', '', '', '0');
INSERT INTO `tec_sale_items` VALUES ('33', '14', '2', '4.0000', '4545.0000', '97.8261', '0', '0.0000', '4546', '17788.6956', '18180.0000', '4545.0000', '35435.0000', '1324', 'spb', '', '', '0');
INSERT INTO `tec_sale_items` VALUES ('34', '15', '1', '2.0000', '2323.0000', '2323.0000', '0', '0.0000', '0', '0.0000', '4646.0000', '2323.0000', '234.0000', 'dkfks', 'jsdfjkdskl', 'comment pr1', 'comment pr2', null);
INSERT INTO `tec_sale_items` VALUES ('35', '15', '2', '3.0000', '4545.0000', '97.8261', '0', '0.0000', '4546', '13341.5217', '13635.0000', '4545.0000', '35435.0000', '1324', 'spb', 'comment 121', 'comment 212', '1');

-- ----------------------------
-- Table structure for tec_sessions
-- ----------------------------
DROP TABLE IF EXISTS `tec_sessions`;
CREATE TABLE `tec_sessions` (
  `id` varchar(40) NOT NULL,
  `ip_address` varchar(45) NOT NULL,
  `timestamp` int(10) unsigned NOT NULL DEFAULT '0',
  `data` blob NOT NULL,
  PRIMARY KEY (`id`),
  KEY `ci_sessions_timestamp` (`timestamp`)
) ENGINE=InnoDB DEFAULT CHARSET=utf8;

-- ----------------------------
-- Records of tec_sessions
-- ----------------------------
INSERT INTO `tec_sessions` VALUES ('0gtdae33gkag68hjagugddqe2tcdvsji', '127.0.0.1', '1524129817', 0x5F5F63695F6C6173745F726567656E65726174657C693A313532343132393831373B6964656E746974797C733A31383A2261646D696E4074656364696172792E636F6D223B757365726E616D657C733A353A2261646D696E223B656D61696C7C733A31383A2261646D696E4074656364696172792E636F6D223B757365725F69647C733A313A2231223B66697273745F6E616D657C733A353A2241646D696E223B6C6173745F6E616D657C733A353A2241646D696E223B637265617465645F6F6E7C733A32343A22546875203235204A756E20323031352031303A353920414D223B6F6C645F6C6173745F6C6F67696E7C733A31303A2231353234313039363039223B6C6173745F69707C733A393A223132372E302E302E31223B6176617461727C4E3B67656E6465727C733A343A226D616C65223B67726F75705F69647C733A313A2231223B73746F72655F69647C693A313B6861735F73746F72655F69647C4E3B72656769737465725F69647C733A313A2231223B636173685F696E5F68616E647C733A31353A22313030303030303030302E30303030223B72656769737465725F6F70656E5F74696D657C733A31393A22323031382D30342D31382032303A32303A3233223B);
INSERT INTO `tec_sessions` VALUES ('2p95941g8pu67hr0f1ia0m9h3mt8f4k1', '127.0.0.1', '1524109126', 0x5F5F63695F6C6173745F726567656E65726174657C693A313532343130393132363B);
INSERT INTO `tec_sessions` VALUES ('2t3vugrt145sflue19k53opvb18b4gc2', '::1', '1524059807', 0x5F5F63695F6C6173745F726567656E65726174657C693A313532343035393631363B6964656E746974797C733A31383A2261646D696E4074656364696172792E636F6D223B757365726E616D657C733A353A2261646D696E223B656D61696C7C733A31383A2261646D696E4074656364696172792E636F6D223B757365725F69647C733A313A2231223B66697273745F6E616D657C733A353A2241646D696E223B6C6173745F6E616D657C733A353A2241646D696E223B637265617465645F6F6E7C733A32343A22546875203235204A756E20323031352031303A353920414D223B6F6C645F6C6173745F6C6F67696E7C733A31303A2231343432323932373239223B6C6173745F69707C733A393A223132372E302E302E31223B6176617461727C4E3B67656E6465727C733A343A226D616C65223B67726F75705F69647C733A313A2231223B73746F72655F69647C693A313B6861735F73746F72655F69647C4E3B72656769737465725F69647C733A313A2231223B636173685F696E5F68616E647C733A31353A22313030303030303030302E30303030223B72656769737465725F6F70656E5F74696D657C733A31393A22323031382D30342D31382032303A32303A3233223B);
INSERT INTO `tec_sessions` VALUES ('52lct4dss9lirjnuqu6p330fo2jua67n', '::1', '1524058247', 0x5F5F63695F6C6173745F726567656E65726174657C693A313532343035383230303B6964656E746974797C733A31383A2261646D696E4074656364696172792E636F6D223B757365726E616D657C733A353A2261646D696E223B656D61696C7C733A31383A2261646D696E4074656364696172792E636F6D223B757365725F69647C733A313A2231223B66697273745F6E616D657C733A353A2241646D696E223B6C6173745F6E616D657C733A353A2241646D696E223B637265617465645F6F6E7C733A32343A22546875203235204A756E20323031352031303A353920414D223B6F6C645F6C6173745F6C6F67696E7C733A31303A2231343432323932373239223B6C6173745F69707C733A393A223132372E302E302E31223B6176617461727C4E3B67656E6465727C733A343A226D616C65223B67726F75705F69647C733A313A2231223B73746F72655F69647C693A313B6861735F73746F72655F69647C4E3B72656769737465725F69647C733A313A2231223B636173685F696E5F68616E647C733A31353A22313030303030303030302E30303030223B72656769737465725F6F70656E5F74696D657C733A31393A22323031382D30342D31382032303A32303A3233223B);
INSERT INTO `tec_sessions` VALUES ('5iaat5psch0ts92lrmoqgrls2sale8l0', '::1', '1524060731', 0x5F5F63695F6C6173745F726567656E65726174657C693A313532343036303337393B6964656E746974797C733A31383A2261646D696E4074656364696172792E636F6D223B757365726E616D657C733A353A2261646D696E223B656D61696C7C733A31383A2261646D696E4074656364696172792E636F6D223B757365725F69647C733A313A2231223B66697273745F6E616D657C733A353A2241646D696E223B6C6173745F6E616D657C733A353A2241646D696E223B637265617465645F6F6E7C733A32343A22546875203235204A756E20323031352031303A353920414D223B6F6C645F6C6173745F6C6F67696E7C733A31303A2231343432323932373239223B6C6173745F69707C733A393A223132372E302E302E31223B6176617461727C4E3B67656E6465727C733A343A226D616C65223B67726F75705F69647C733A313A2231223B73746F72655F69647C693A313B6861735F73746F72655F69647C4E3B72656769737465725F69647C733A313A2231223B636173685F696E5F68616E647C733A31353A22313030303030303030302E30303030223B72656769737465725F6F70656E5F74696D657C733A31393A22323031382D30342D31382032303A32303A3233223B726D73706F737C693A313B);
INSERT INTO `tec_sessions` VALUES ('67cf64g4d83p21njisc6njhqoq8v0rjc', '127.0.0.1', '1524111523', 0x5F5F63695F6C6173745F726567656E65726174657C693A313532343131313532333B6964656E746974797C733A31383A2261646D696E4074656364696172792E636F6D223B757365726E616D657C733A353A2261646D696E223B656D61696C7C733A31383A2261646D696E4074656364696172792E636F6D223B757365725F69647C733A313A2231223B66697273745F6E616D657C733A353A2241646D696E223B6C6173745F6E616D657C733A353A2241646D696E223B637265617465645F6F6E7C733A32343A22546875203235204A756E20323031352031303A353920414D223B6F6C645F6C6173745F6C6F67696E7C733A31303A2231353234303537353336223B6C6173745F69707C733A333A223A3A31223B6176617461727C4E3B67656E6465727C733A343A226D616C65223B67726F75705F69647C733A313A2231223B73746F72655F69647C693A313B6861735F73746F72655F69647C4E3B72656769737465725F69647C733A313A2231223B636173685F696E5F68616E647C733A31353A22313030303030303030302E30303030223B72656769737465725F6F70656E5F74696D657C733A31393A22323031382D30342D31382032303A32303A3233223B);
INSERT INTO `tec_sessions` VALUES ('682uvc9o23o1vb8hfd8b1o472omrikr5', '::1', '1524073090', 0x5F5F63695F6C6173745F726567656E65726174657C693A313532343037333036333B6964656E746974797C733A31383A2261646D696E4074656364696172792E636F6D223B757365726E616D657C733A353A2261646D696E223B656D61696C7C733A31383A2261646D696E4074656364696172792E636F6D223B757365725F69647C733A313A2231223B66697273745F6E616D657C733A353A2241646D696E223B6C6173745F6E616D657C733A353A2241646D696E223B637265617465645F6F6E7C733A32343A22546875203235204A756E20323031352031303A353920414D223B6F6C645F6C6173745F6C6F67696E7C733A31303A2231343432323932373239223B6C6173745F69707C733A393A223132372E302E302E31223B6176617461727C4E3B67656E6465727C733A343A226D616C65223B67726F75705F69647C733A313A2231223B73746F72655F69647C693A313B6861735F73746F72655F69647C4E3B72656769737465725F69647C733A313A2231223B636173685F696E5F68616E647C733A31353A22313030303030303030302E30303030223B72656769737465725F6F70656E5F74696D657C733A31393A22323031382D30342D31382032303A32303A3233223B);
INSERT INTO `tec_sessions` VALUES ('68mf63n1m9ps23tchrg569s9cr59ffr8', '::1', '1524057802', 0x5F5F63695F6C6173745F726567656E65726174657C693A313532343035373531373B6964656E746974797C733A31383A2261646D696E4074656364696172792E636F6D223B757365726E616D657C733A353A2261646D696E223B656D61696C7C733A31383A2261646D696E4074656364696172792E636F6D223B757365725F69647C733A313A2231223B66697273745F6E616D657C733A353A2241646D696E223B6C6173745F6E616D657C733A353A2241646D696E223B637265617465645F6F6E7C733A32343A22546875203235204A756E20323031352031303A353920414D223B6F6C645F6C6173745F6C6F67696E7C733A31303A2231343432323932373239223B6C6173745F69707C733A393A223132372E302E302E31223B6176617461727C4E3B67656E6465727C733A343A226D616C65223B67726F75705F69647C733A313A2231223B73746F72655F69647C693A313B6861735F73746F72655F69647C4E3B72656769737465725F69647C733A313A2231223B636173685F696E5F68616E647C733A31353A22313030303030303030302E30303030223B72656769737465725F6F70656E5F74696D657C733A31393A22323031382D30342D31382032303A32303A3233223B);
INSERT INTO `tec_sessions` VALUES ('6sq1kjvi2jsulmc4rji5q1v4o9ia8i7e', '127.0.0.1', '1524111017', 0x5F5F63695F6C6173745F726567656E65726174657C693A313532343131313031373B6964656E746974797C733A31383A2261646D696E4074656364696172792E636F6D223B757365726E616D657C733A353A2261646D696E223B656D61696C7C733A31383A2261646D696E4074656364696172792E636F6D223B757365725F69647C733A313A2231223B66697273745F6E616D657C733A353A2241646D696E223B6C6173745F6E616D657C733A353A2241646D696E223B637265617465645F6F6E7C733A32343A22546875203235204A756E20323031352031303A353920414D223B6F6C645F6C6173745F6C6F67696E7C733A31303A2231353234303537353336223B6C6173745F69707C733A333A223A3A31223B6176617461727C4E3B67656E6465727C733A343A226D616C65223B67726F75705F69647C733A313A2231223B73746F72655F69647C693A313B6861735F73746F72655F69647C4E3B72656769737465725F69647C733A313A2231223B636173685F696E5F68616E647C733A31353A22313030303030303030302E30303030223B72656769737465725F6F70656E5F74696D657C733A31393A22323031382D30342D31382032303A32303A3233223B);
INSERT INTO `tec_sessions` VALUES ('7arhcpjhbraks37kbau6vja7d0ogaebu', '127.0.0.1', '1524108791', 0x5F5F63695F6C6173745F726567656E65726174657C693A313532343130383739313B);
INSERT INTO `tec_sessions` VALUES ('9d6k8p0duj30i9rj3o45rtdjek6rsfrl', '127.0.0.1', '1524126357', 0x5F5F63695F6C6173745F726567656E65726174657C693A313532343132363335373B6964656E746974797C733A31383A2261646D696E4074656364696172792E636F6D223B757365726E616D657C733A353A2261646D696E223B656D61696C7C733A31383A2261646D696E4074656364696172792E636F6D223B757365725F69647C733A313A2231223B66697273745F6E616D657C733A353A2241646D696E223B6C6173745F6E616D657C733A353A2241646D696E223B637265617465645F6F6E7C733A32343A22546875203235204A756E20323031352031303A353920414D223B6F6C645F6C6173745F6C6F67696E7C733A31303A2231353234313039363039223B6C6173745F69707C733A393A223132372E302E302E31223B6176617461727C4E3B67656E6465727C733A343A226D616C65223B67726F75705F69647C733A313A2231223B73746F72655F69647C693A313B6861735F73746F72655F69647C4E3B72656769737465725F69647C733A313A2231223B636173685F696E5F68616E647C733A31353A22313030303030303030302E30303030223B72656769737465725F6F70656E5F74696D657C733A31393A22323031382D30342D31382032303A32303A3233223B726D73706F737C693A313B);
INSERT INTO `tec_sessions` VALUES ('aq7rju5mhnr8at4lh2akuut3julbcttr', '127.0.0.1', '1524133250', 0x5F5F63695F6C6173745F726567656E65726174657C693A313532343133333235303B6964656E746974797C733A31383A2261646D696E4074656364696172792E636F6D223B757365726E616D657C733A353A2261646D696E223B656D61696C7C733A31383A2261646D696E4074656364696172792E636F6D223B757365725F69647C733A313A2231223B66697273745F6E616D657C733A353A2241646D696E223B6C6173745F6E616D657C733A353A2241646D696E223B637265617465645F6F6E7C733A32343A22546875203235204A756E20323031352031303A353920414D223B6F6C645F6C6173745F6C6F67696E7C733A31303A2231353234313039363039223B6C6173745F69707C733A393A223132372E302E302E31223B6176617461727C4E3B67656E6465727C733A343A226D616C65223B67726F75705F69647C733A313A2231223B73746F72655F69647C693A313B6861735F73746F72655F69647C4E3B72656769737465725F69647C733A313A2231223B636173685F696E5F68616E647C733A31353A22313030303030303030302E30303030223B72656769737465725F6F70656E5F74696D657C733A31393A22323031382D30342D31382032303A32303A3233223B);
INSERT INTO `tec_sessions` VALUES ('c4bmgbom0pph8bp6r509jm528j189vff', '127.0.0.1', '1524124871', 0x5F5F63695F6C6173745F726567656E65726174657C693A313532343132343837313B6964656E746974797C733A31383A2261646D696E4074656364696172792E636F6D223B757365726E616D657C733A353A2261646D696E223B656D61696C7C733A31383A2261646D696E4074656364696172792E636F6D223B757365725F69647C733A313A2231223B66697273745F6E616D657C733A353A2241646D696E223B6C6173745F6E616D657C733A353A2241646D696E223B637265617465645F6F6E7C733A32343A22546875203235204A756E20323031352031303A353920414D223B6F6C645F6C6173745F6C6F67696E7C733A31303A2231353234313039363039223B6C6173745F69707C733A393A223132372E302E302E31223B6176617461727C4E3B67656E6465727C733A343A226D616C65223B67726F75705F69647C733A313A2231223B73746F72655F69647C693A313B6861735F73746F72655F69647C4E3B72656769737465725F69647C733A313A2231223B636173685F696E5F68616E647C733A31353A22313030303030303030302E30303030223B72656769737465725F6F70656E5F74696D657C733A31393A22323031382D30342D31382032303A32303A3233223B);
INSERT INTO `tec_sessions` VALUES ('d4eo3q3n4jujba0ddggfabceke32tvkk', '127.0.0.1', '1524114034', 0x5F5F63695F6C6173745F726567656E65726174657C693A313532343131343030323B6964656E746974797C733A31383A2261646D696E4074656364696172792E636F6D223B757365726E616D657C733A353A2261646D696E223B656D61696C7C733A31383A2261646D696E4074656364696172792E636F6D223B757365725F69647C733A313A2231223B66697273745F6E616D657C733A353A2241646D696E223B6C6173745F6E616D657C733A353A2241646D696E223B637265617465645F6F6E7C733A32343A22546875203235204A756E20323031352031303A353920414D223B6F6C645F6C6173745F6C6F67696E7C733A31303A2231353234303537353336223B6C6173745F69707C733A333A223A3A31223B6176617461727C4E3B67656E6465727C733A343A226D616C65223B67726F75705F69647C733A313A2231223B73746F72655F69647C693A313B6861735F73746F72655F69647C4E3B72656769737465725F69647C733A313A2231223B636173685F696E5F68616E647C733A31353A22313030303030303030302E30303030223B72656769737465725F6F70656E5F74696D657C733A31393A22323031382D30342D31382032303A32303A3233223B726D73706F737C693A313B6D6573736167657C733A32333A2253616C65207375636365737366756C6C79206164646564223B5F5F63695F766172737C613A313A7B733A373A226D657373616765223B733A333A226F6C64223B7D);
INSERT INTO `tec_sessions` VALUES ('dc1231qdqljq8bmld298sluj6kbmum3f', '::1', '1524060994', 0x5F5F63695F6C6173745F726567656E65726174657C693A313532343036303734303B6964656E746974797C733A31383A2261646D696E4074656364696172792E636F6D223B757365726E616D657C733A353A2261646D696E223B656D61696C7C733A31383A2261646D696E4074656364696172792E636F6D223B757365725F69647C733A313A2231223B66697273745F6E616D657C733A353A2241646D696E223B6C6173745F6E616D657C733A353A2241646D696E223B637265617465645F6F6E7C733A32343A22546875203235204A756E20323031352031303A353920414D223B6F6C645F6C6173745F6C6F67696E7C733A31303A2231343432323932373239223B6C6173745F69707C733A393A223132372E302E302E31223B6176617461727C4E3B67656E6465727C733A343A226D616C65223B67726F75705F69647C733A313A2231223B73746F72655F69647C693A313B6861735F73746F72655F69647C4E3B72656769737465725F69647C733A313A2231223B636173685F696E5F68616E647C733A31353A22313030303030303030302E30303030223B72656769737465725F6F70656E5F74696D657C733A31393A22323031382D30342D31382032303A32303A3233223B);
INSERT INTO `tec_sessions` VALUES ('dt30o7kqc9b3afuvhsmauqd71pde1ngs', '127.0.0.1', '1524127223', 0x5F5F63695F6C6173745F726567656E65726174657C693A313532343132373232333B6964656E746974797C733A31383A2261646D696E4074656364696172792E636F6D223B757365726E616D657C733A353A2261646D696E223B656D61696C7C733A31383A2261646D696E4074656364696172792E636F6D223B757365725F69647C733A313A2231223B66697273745F6E616D657C733A353A2241646D696E223B6C6173745F6E616D657C733A353A2241646D696E223B637265617465645F6F6E7C733A32343A22546875203235204A756E20323031352031303A353920414D223B6F6C645F6C6173745F6C6F67696E7C733A31303A2231353234313039363039223B6C6173745F69707C733A393A223132372E302E302E31223B6176617461727C4E3B67656E6465727C733A343A226D616C65223B67726F75705F69647C733A313A2231223B73746F72655F69647C693A313B6861735F73746F72655F69647C4E3B72656769737465725F69647C733A313A2231223B636173685F696E5F68616E647C733A31353A22313030303030303030302E30303030223B72656769737465725F6F70656E5F74696D657C733A31393A22323031382D30342D31382032303A32303A3233223B);
INSERT INTO `tec_sessions` VALUES ('ektm2kqo2qbmipsks85fid5j0o2n8oaj', '::1', '1524070323', 0x5F5F63695F6C6173745F726567656E65726174657C693A313532343037303032363B6964656E746974797C733A31383A2261646D696E4074656364696172792E636F6D223B757365726E616D657C733A353A2261646D696E223B656D61696C7C733A31383A2261646D696E4074656364696172792E636F6D223B757365725F69647C733A313A2231223B66697273745F6E616D657C733A353A2241646D696E223B6C6173745F6E616D657C733A353A2241646D696E223B637265617465645F6F6E7C733A32343A22546875203235204A756E20323031352031303A353920414D223B6F6C645F6C6173745F6C6F67696E7C733A31303A2231343432323932373239223B6C6173745F69707C733A393A223132372E302E302E31223B6176617461727C4E3B67656E6465727C733A343A226D616C65223B67726F75705F69647C733A313A2231223B73746F72655F69647C693A313B6861735F73746F72655F69647C4E3B72656769737465725F69647C733A313A2231223B636173685F696E5F68616E647C733A31353A22313030303030303030302E30303030223B72656769737465725F6F70656E5F74696D657C733A31393A22323031382D30342D31382032303A32303A3233223B);
INSERT INTO `tec_sessions` VALUES ('esa0qb94ootklp62s7gpo5l8us035leu', '127.0.0.1', '1524127641', 0x5F5F63695F6C6173745F726567656E65726174657C693A313532343132373634313B6964656E746974797C733A31383A2261646D696E4074656364696172792E636F6D223B757365726E616D657C733A353A2261646D696E223B656D61696C7C733A31383A2261646D696E4074656364696172792E636F6D223B757365725F69647C733A313A2231223B66697273745F6E616D657C733A353A2241646D696E223B6C6173745F6E616D657C733A353A2241646D696E223B637265617465645F6F6E7C733A32343A22546875203235204A756E20323031352031303A353920414D223B6F6C645F6C6173745F6C6F67696E7C733A31303A2231353234313039363039223B6C6173745F69707C733A393A223132372E302E302E31223B6176617461727C4E3B67656E6465727C733A343A226D616C65223B67726F75705F69647C733A313A2231223B73746F72655F69647C693A313B6861735F73746F72655F69647C4E3B72656769737465725F69647C733A313A2231223B636173685F696E5F68616E647C733A31353A22313030303030303030302E30303030223B72656769737465725F6F70656E5F74696D657C733A31393A22323031382D30342D31382032303A32303A3233223B726D73706F737C693A313B6D6573736167657C733A32333A2253616C65207375636365737366756C6C79206164646564223B5F5F63695F766172737C613A313A7B733A373A226D657373616765223B733A333A226F6C64223B7D);
INSERT INTO `tec_sessions` VALUES ('evdvaaiu3lgoto3kk78ihn38fjgu3eii', '127.0.0.1', '1524127975', 0x5F5F63695F6C6173745F726567656E65726174657C693A313532343132373937353B6964656E746974797C733A31383A2261646D696E4074656364696172792E636F6D223B757365726E616D657C733A353A2261646D696E223B656D61696C7C733A31383A2261646D696E4074656364696172792E636F6D223B757365725F69647C733A313A2231223B66697273745F6E616D657C733A353A2241646D696E223B6C6173745F6E616D657C733A353A2241646D696E223B637265617465645F6F6E7C733A32343A22546875203235204A756E20323031352031303A353920414D223B6F6C645F6C6173745F6C6F67696E7C733A31303A2231353234313039363039223B6C6173745F69707C733A393A223132372E302E302E31223B6176617461727C4E3B67656E6465727C733A343A226D616C65223B67726F75705F69647C733A313A2231223B73746F72655F69647C693A313B6861735F73746F72655F69647C4E3B72656769737465725F69647C733A313A2231223B636173685F696E5F68616E647C733A31353A22313030303030303030302E30303030223B72656769737465725F6F70656E5F74696D657C733A31393A22323031382D30342D31382032303A32303A3233223B);
INSERT INTO `tec_sessions` VALUES ('g5da166udnh1i1kd4pd54t0enlskg19o', '::1', '1524072827', 0x5F5F63695F6C6173745F726567656E65726174657C693A313532343037323631373B6964656E746974797C733A31383A2261646D696E4074656364696172792E636F6D223B757365726E616D657C733A353A2261646D696E223B656D61696C7C733A31383A2261646D696E4074656364696172792E636F6D223B757365725F69647C733A313A2231223B66697273745F6E616D657C733A353A2241646D696E223B6C6173745F6E616D657C733A353A2241646D696E223B637265617465645F6F6E7C733A32343A22546875203235204A756E20323031352031303A353920414D223B6F6C645F6C6173745F6C6F67696E7C733A31303A2231343432323932373239223B6C6173745F69707C733A393A223132372E302E302E31223B6176617461727C4E3B67656E6465727C733A343A226D616C65223B67726F75705F69647C733A313A2231223B73746F72655F69647C693A313B6861735F73746F72655F69647C4E3B72656769737465725F69647C733A313A2231223B636173685F696E5F68616E647C733A31353A22313030303030303030302E30303030223B72656769737465725F6F70656E5F74696D657C733A31393A22323031382D30342D31382032303A32303A3233223B);
INSERT INTO `tec_sessions` VALUES ('gj0rd87vs3p2ogpnhmga2mt169oh26mu', '::1', '1524070417', 0x5F5F63695F6C6173745F726567656E65726174657C693A313532343037303431373B6964656E746974797C733A31383A2261646D696E4074656364696172792E636F6D223B757365726E616D657C733A353A2261646D696E223B656D61696C7C733A31383A2261646D696E4074656364696172792E636F6D223B757365725F69647C733A313A2231223B66697273745F6E616D657C733A353A2241646D696E223B6C6173745F6E616D657C733A353A2241646D696E223B637265617465645F6F6E7C733A32343A22546875203235204A756E20323031352031303A353920414D223B6F6C645F6C6173745F6C6F67696E7C733A31303A2231343432323932373239223B6C6173745F69707C733A393A223132372E302E302E31223B6176617461727C4E3B67656E6465727C733A343A226D616C65223B67726F75705F69647C733A313A2231223B73746F72655F69647C693A313B6861735F73746F72655F69647C4E3B72656769737465725F69647C733A313A2231223B636173685F696E5F68616E647C733A31353A22313030303030303030302E30303030223B72656769737465725F6F70656E5F74696D657C733A31393A22323031382D30342D31382032303A32303A3233223B);
INSERT INTO `tec_sessions` VALUES ('i67ir28eoal7bk0pbikvbi1ejg5280sm', '::1', '1524069596', 0x5F5F63695F6C6173745F726567656E65726174657C693A313532343036393535353B6964656E746974797C733A31383A2261646D696E4074656364696172792E636F6D223B757365726E616D657C733A353A2261646D696E223B656D61696C7C733A31383A2261646D696E4074656364696172792E636F6D223B757365725F69647C733A313A2231223B66697273745F6E616D657C733A353A2241646D696E223B6C6173745F6E616D657C733A353A2241646D696E223B637265617465645F6F6E7C733A32343A22546875203235204A756E20323031352031303A353920414D223B6F6C645F6C6173745F6C6F67696E7C733A31303A2231343432323932373239223B6C6173745F69707C733A393A223132372E302E302E31223B6176617461727C4E3B67656E6465727C733A343A226D616C65223B67726F75705F69647C733A313A2231223B73746F72655F69647C693A313B6861735F73746F72655F69647C4E3B72656769737465725F69647C733A313A2231223B636173685F696E5F68616E647C733A31353A22313030303030303030302E30303030223B72656769737465725F6F70656E5F74696D657C733A31393A22323031382D30342D31382032303A32303A3233223B726D73706F737C693A313B6D6573736167657C733A32333A2253616C65207375636365737366756C6C79206164646564223B5F5F63695F766172737C613A313A7B733A373A226D657373616765223B733A333A226F6C64223B7D);
INSERT INTO `tec_sessions` VALUES ('if5g2t49bpqof0c4jbjj68acm5dl9jo7', '::1', '1524072587', 0x5F5F63695F6C6173745F726567656E65726174657C693A313532343037323239313B6964656E746974797C733A31383A2261646D696E4074656364696172792E636F6D223B757365726E616D657C733A353A2261646D696E223B656D61696C7C733A31383A2261646D696E4074656364696172792E636F6D223B757365725F69647C733A313A2231223B66697273745F6E616D657C733A353A2241646D696E223B6C6173745F6E616D657C733A353A2241646D696E223B637265617465645F6F6E7C733A32343A22546875203235204A756E20323031352031303A353920414D223B6F6C645F6C6173745F6C6F67696E7C733A31303A2231343432323932373239223B6C6173745F69707C733A393A223132372E302E302E31223B6176617461727C4E3B67656E6465727C733A343A226D616C65223B67726F75705F69647C733A313A2231223B73746F72655F69647C693A313B6861735F73746F72655F69647C4E3B72656769737465725F69647C733A313A2231223B636173685F696E5F68616E647C733A31353A22313030303030303030302E30303030223B72656769737465725F6F70656E5F74696D657C733A31393A22323031382D30342D31382032303A32303A3233223B);
INSERT INTO `tec_sessions` VALUES ('j84k348ond1gh935nnft5vc6fio5i764', '::1', '1524072245', 0x5F5F63695F6C6173745F726567656E65726174657C693A313532343037313936393B6964656E746974797C733A31383A2261646D696E4074656364696172792E636F6D223B757365726E616D657C733A353A2261646D696E223B656D61696C7C733A31383A2261646D696E4074656364696172792E636F6D223B757365725F69647C733A313A2231223B66697273745F6E616D657C733A353A2241646D696E223B6C6173745F6E616D657C733A353A2241646D696E223B637265617465645F6F6E7C733A32343A22546875203235204A756E20323031352031303A353920414D223B6F6C645F6C6173745F6C6F67696E7C733A31303A2231343432323932373239223B6C6173745F69707C733A393A223132372E302E302E31223B6176617461727C4E3B67656E6465727C733A343A226D616C65223B67726F75705F69647C733A313A2231223B73746F72655F69647C693A313B6861735F73746F72655F69647C4E3B72656769737465725F69647C733A313A2231223B636173685F696E5F68616E647C733A31353A22313030303030303030302E30303030223B72656769737465725F6F70656E5F74696D657C733A31393A22323031382D30342D31382032303A32303A3233223B);
INSERT INTO `tec_sessions` VALUES ('k48n4mo6egh39bmph7vg0f0qssg1tuhs', '127.0.0.1', '1524133932', 0x5F5F63695F6C6173745F726567656E65726174657C693A313532343133333933323B6964656E746974797C733A31383A2261646D696E4074656364696172792E636F6D223B757365726E616D657C733A353A2261646D696E223B656D61696C7C733A31383A2261646D696E4074656364696172792E636F6D223B757365725F69647C733A313A2231223B66697273745F6E616D657C733A353A2241646D696E223B6C6173745F6E616D657C733A353A2241646D696E223B637265617465645F6F6E7C733A32343A22546875203235204A756E20323031352031303A353920414D223B6F6C645F6C6173745F6C6F67696E7C733A31303A2231353234313039363039223B6C6173745F69707C733A393A223132372E302E302E31223B6176617461727C4E3B67656E6465727C733A343A226D616C65223B67726F75705F69647C733A313A2231223B73746F72655F69647C693A313B6861735F73746F72655F69647C4E3B72656769737465725F69647C733A313A2231223B636173685F696E5F68616E647C733A31353A22313030303030303030302E30303030223B72656769737465725F6F70656E5F74696D657C733A31393A22323031382D30342D31382032303A32303A3233223B);
INSERT INTO `tec_sessions` VALUES ('k69h30bd9651c2fv4mhosupj6ocglb1c', '127.0.0.1', '1524133948', 0x5F5F63695F6C6173745F726567656E65726174657C693A313532343133333933323B6964656E746974797C733A31383A2261646D696E4074656364696172792E636F6D223B757365726E616D657C733A353A2261646D696E223B656D61696C7C733A31383A2261646D696E4074656364696172792E636F6D223B757365725F69647C733A313A2231223B66697273745F6E616D657C733A353A2241646D696E223B6C6173745F6E616D657C733A353A2241646D696E223B637265617465645F6F6E7C733A32343A22546875203235204A756E20323031352031303A353920414D223B6F6C645F6C6173745F6C6F67696E7C733A31303A2231353234313039363039223B6C6173745F69707C733A393A223132372E302E302E31223B6176617461727C4E3B67656E6465727C733A343A226D616C65223B67726F75705F69647C733A313A2231223B73746F72655F69647C693A313B6861735F73746F72655F69647C4E3B72656769737465725F69647C733A313A2231223B636173685F696E5F68616E647C733A31353A22313030303030303030302E30303030223B72656769737465725F6F70656E5F74696D657C733A31393A22323031382D30342D31382032303A32303A3233223B);
INSERT INTO `tec_sessions` VALUES ('k7pcu5at6bofoup6p8500jgt1bvii7fs', '127.0.0.1', '1524131030', 0x5F5F63695F6C6173745F726567656E65726174657C693A313532343133313033303B6964656E746974797C733A31383A2261646D696E4074656364696172792E636F6D223B757365726E616D657C733A353A2261646D696E223B656D61696C7C733A31383A2261646D696E4074656364696172792E636F6D223B757365725F69647C733A313A2231223B66697273745F6E616D657C733A353A2241646D696E223B6C6173745F6E616D657C733A353A2241646D696E223B637265617465645F6F6E7C733A32343A22546875203235204A756E20323031352031303A353920414D223B6F6C645F6C6173745F6C6F67696E7C733A31303A2231353234313039363039223B6C6173745F69707C733A393A223132372E302E302E31223B6176617461727C4E3B67656E6465727C733A343A226D616C65223B67726F75705F69647C733A313A2231223B73746F72655F69647C693A313B6861735F73746F72655F69647C4E3B72656769737465725F69647C733A313A2231223B636173685F696E5F68616E647C733A31353A22313030303030303030302E30303030223B72656769737465725F6F70656E5F74696D657C733A31393A22323031382D30342D31382032303A32303A3233223B);
INSERT INTO `tec_sessions` VALUES ('l6lpd0dui9d5qv81n6d8ahgqmm0c0gta', '127.0.0.1', '1524123811', 0x5F5F63695F6C6173745F726567656E65726174657C693A313532343132333831313B6964656E746974797C733A31383A2261646D696E4074656364696172792E636F6D223B757365726E616D657C733A353A2261646D696E223B656D61696C7C733A31383A2261646D696E4074656364696172792E636F6D223B757365725F69647C733A313A2231223B66697273745F6E616D657C733A353A2241646D696E223B6C6173745F6E616D657C733A353A2241646D696E223B637265617465645F6F6E7C733A32343A22546875203235204A756E20323031352031303A353920414D223B6F6C645F6C6173745F6C6F67696E7C733A31303A2231353234313039363039223B6C6173745F69707C733A393A223132372E302E302E31223B6176617461727C4E3B67656E6465727C733A343A226D616C65223B67726F75705F69647C733A313A2231223B73746F72655F69647C693A313B6861735F73746F72655F69647C4E3B72656769737465725F69647C733A313A2231223B636173685F696E5F68616E647C733A31353A22313030303030303030302E30303030223B72656769737465725F6F70656E5F74696D657C733A31393A22323031382D30342D31382032303A32303A3233223B);
INSERT INTO `tec_sessions` VALUES ('mb1sfd83ql71qrla2k2sk24vls7spciv', '127.0.0.1', '1524132130', 0x5F5F63695F6C6173745F726567656E65726174657C693A313532343133323133303B6964656E746974797C733A31383A2261646D696E4074656364696172792E636F6D223B757365726E616D657C733A353A2261646D696E223B656D61696C7C733A31383A2261646D696E4074656364696172792E636F6D223B757365725F69647C733A313A2231223B66697273745F6E616D657C733A353A2241646D696E223B6C6173745F6E616D657C733A353A2241646D696E223B637265617465645F6F6E7C733A32343A22546875203235204A756E20323031352031303A353920414D223B6F6C645F6C6173745F6C6F67696E7C733A31303A2231353234313039363039223B6C6173745F69707C733A393A223132372E302E302E31223B6176617461727C4E3B67656E6465727C733A343A226D616C65223B67726F75705F69647C733A313A2231223B73746F72655F69647C693A313B6861735F73746F72655F69647C4E3B72656769737465725F69647C733A313A2231223B636173685F696E5F68616E647C733A31353A22313030303030303030302E30303030223B72656769737465725F6F70656E5F74696D657C733A31393A22323031382D30342D31382032303A32303A3233223B);
INSERT INTO `tec_sessions` VALUES ('mcj2ca8gs8ifp5396bq9ne7bao89c0nj', '127.0.0.1', '1524114002', 0x5F5F63695F6C6173745F726567656E65726174657C693A313532343131343030323B6964656E746974797C733A31383A2261646D696E4074656364696172792E636F6D223B757365726E616D657C733A353A2261646D696E223B656D61696C7C733A31383A2261646D696E4074656364696172792E636F6D223B757365725F69647C733A313A2231223B66697273745F6E616D657C733A353A2241646D696E223B6C6173745F6E616D657C733A353A2241646D696E223B637265617465645F6F6E7C733A32343A22546875203235204A756E20323031352031303A353920414D223B6F6C645F6C6173745F6C6F67696E7C733A31303A2231353234303537353336223B6C6173745F69707C733A333A223A3A31223B6176617461727C4E3B67656E6465727C733A343A226D616C65223B67726F75705F69647C733A313A2231223B73746F72655F69647C693A313B6861735F73746F72655F69647C4E3B72656769737465725F69647C733A313A2231223B636173685F696E5F68616E647C733A31353A22313030303030303030302E30303030223B72656769737465725F6F70656E5F74696D657C733A31393A22323031382D30342D31382032303A32303A3233223B726D73706F737C693A313B6D6573736167657C733A32333A2253616C65207375636365737366756C6C79206164646564223B5F5F63695F766172737C613A313A7B733A373A226D657373616765223B733A333A226F6C64223B7D);
INSERT INTO `tec_sessions` VALUES ('mf1cd47qhkbu5f43ctmje96nfv83m5bg', '127.0.0.1', '1524113499', 0x5F5F63695F6C6173745F726567656E65726174657C693A313532343131333439393B6964656E746974797C733A31383A2261646D696E4074656364696172792E636F6D223B757365726E616D657C733A353A2261646D696E223B656D61696C7C733A31383A2261646D696E4074656364696172792E636F6D223B757365725F69647C733A313A2231223B66697273745F6E616D657C733A353A2241646D696E223B6C6173745F6E616D657C733A353A2241646D696E223B637265617465645F6F6E7C733A32343A22546875203235204A756E20323031352031303A353920414D223B6F6C645F6C6173745F6C6F67696E7C733A31303A2231353234303537353336223B6C6173745F69707C733A333A223A3A31223B6176617461727C4E3B67656E6465727C733A343A226D616C65223B67726F75705F69647C733A313A2231223B73746F72655F69647C693A313B6861735F73746F72655F69647C4E3B72656769737465725F69647C733A313A2231223B636173685F696E5F68616E647C733A31353A22313030303030303030302E30303030223B72656769737465725F6F70656E5F74696D657C733A31393A22323031382D30342D31382032303A32303A3233223B726D73706F737C693A313B6D6573736167657C733A32333A2253616C65207375636365737366756C6C79206164646564223B5F5F63695F766172737C613A313A7B733A373A226D657373616765223B733A333A226F6C64223B7D);
INSERT INTO `tec_sessions` VALUES ('nisntt02es79tnld422l6fafa22m77uo', '127.0.0.1', '1524133571', 0x5F5F63695F6C6173745F726567656E65726174657C693A313532343133333537313B6964656E746974797C733A31383A2261646D696E4074656364696172792E636F6D223B757365726E616D657C733A353A2261646D696E223B656D61696C7C733A31383A2261646D696E4074656364696172792E636F6D223B757365725F69647C733A313A2231223B66697273745F6E616D657C733A353A2241646D696E223B6C6173745F6E616D657C733A353A2241646D696E223B637265617465645F6F6E7C733A32343A22546875203235204A756E20323031352031303A353920414D223B6F6C645F6C6173745F6C6F67696E7C733A31303A2231353234313039363039223B6C6173745F69707C733A393A223132372E302E302E31223B6176617461727C4E3B67656E6465727C733A343A226D616C65223B67726F75705F69647C733A313A2231223B73746F72655F69647C693A313B6861735F73746F72655F69647C4E3B72656769737465725F69647C733A313A2231223B636173685F696E5F68616E647C733A31353A22313030303030303030302E30303030223B72656769737465725F6F70656E5F74696D657C733A31393A22323031382D30342D31382032303A32303A3233223B);
INSERT INTO `tec_sessions` VALUES ('o11vj7ltmi25uf7pi9ue8jt2nb6e3d6g', '127.0.0.1', '1524128309', 0x5F5F63695F6C6173745F726567656E65726174657C693A313532343132383330393B6964656E746974797C733A31383A2261646D696E4074656364696172792E636F6D223B757365726E616D657C733A353A2261646D696E223B656D61696C7C733A31383A2261646D696E4074656364696172792E636F6D223B757365725F69647C733A313A2231223B66697273745F6E616D657C733A353A2241646D696E223B6C6173745F6E616D657C733A353A2241646D696E223B637265617465645F6F6E7C733A32343A22546875203235204A756E20323031352031303A353920414D223B6F6C645F6C6173745F6C6F67696E7C733A31303A2231353234313039363039223B6C6173745F69707C733A393A223132372E302E302E31223B6176617461727C4E3B67656E6465727C733A343A226D616C65223B67726F75705F69647C733A313A2231223B73746F72655F69647C693A313B6861735F73746F72655F69647C4E3B72656769737465725F69647C733A313A2231223B636173685F696E5F68616E647C733A31353A22313030303030303030302E30303030223B72656769737465725F6F70656E5F74696D657C733A31393A22323031382D30342D31382032303A32303A3233223B);
INSERT INTO `tec_sessions` VALUES ('pe7iqcb2lsbgpqiojqifjiu67epod0hq', '127.0.0.1', '1524125192', 0x5F5F63695F6C6173745F726567656E65726174657C693A313532343132353139323B6964656E746974797C733A31383A2261646D696E4074656364696172792E636F6D223B757365726E616D657C733A353A2261646D696E223B656D61696C7C733A31383A2261646D696E4074656364696172792E636F6D223B757365725F69647C733A313A2231223B66697273745F6E616D657C733A353A2241646D696E223B6C6173745F6E616D657C733A353A2241646D696E223B637265617465645F6F6E7C733A32343A22546875203235204A756E20323031352031303A353920414D223B6F6C645F6C6173745F6C6F67696E7C733A31303A2231353234313039363039223B6C6173745F69707C733A393A223132372E302E302E31223B6176617461727C4E3B67656E6465727C733A343A226D616C65223B67726F75705F69647C733A313A2231223B73746F72655F69647C693A313B6861735F73746F72655F69647C4E3B72656769737465725F69647C733A313A2231223B636173685F696E5F68616E647C733A31353A22313030303030303030302E30303030223B72656769737465725F6F70656E5F74696D657C733A31393A22323031382D30342D31382032303A32303A3233223B726D73706F737C693A313B);
INSERT INTO `tec_sessions` VALUES ('plplpmbjsm4ltggje8oc6q5e53027im6', '127.0.0.1', '1524125693', 0x5F5F63695F6C6173745F726567656E65726174657C693A313532343132353639333B6964656E746974797C733A31383A2261646D696E4074656364696172792E636F6D223B757365726E616D657C733A353A2261646D696E223B656D61696C7C733A31383A2261646D696E4074656364696172792E636F6D223B757365725F69647C733A313A2231223B66697273745F6E616D657C733A353A2241646D696E223B6C6173745F6E616D657C733A353A2241646D696E223B637265617465645F6F6E7C733A32343A22546875203235204A756E20323031352031303A353920414D223B6F6C645F6C6173745F6C6F67696E7C733A31303A2231353234313039363039223B6C6173745F69707C733A393A223132372E302E302E31223B6176617461727C4E3B67656E6465727C733A343A226D616C65223B67726F75705F69647C733A313A2231223B73746F72655F69647C693A313B6861735F73746F72655F69647C4E3B72656769737465725F69647C733A313A2231223B636173685F696E5F68616E647C733A31353A22313030303030303030302E30303030223B72656769737465725F6F70656E5F74696D657C733A31393A22323031382D30342D31382032303A32303A3233223B);
INSERT INTO `tec_sessions` VALUES ('qi5daq049cnka6q0aj82pgd2vu14tch5', '127.0.0.1', '1524113195', 0x5F5F63695F6C6173745F726567656E65726174657C693A313532343131333139353B6964656E746974797C733A31383A2261646D696E4074656364696172792E636F6D223B757365726E616D657C733A353A2261646D696E223B656D61696C7C733A31383A2261646D696E4074656364696172792E636F6D223B757365725F69647C733A313A2231223B66697273745F6E616D657C733A353A2241646D696E223B6C6173745F6E616D657C733A353A2241646D696E223B637265617465645F6F6E7C733A32343A22546875203235204A756E20323031352031303A353920414D223B6F6C645F6C6173745F6C6F67696E7C733A31303A2231353234303537353336223B6C6173745F69707C733A333A223A3A31223B6176617461727C4E3B67656E6465727C733A343A226D616C65223B67726F75705F69647C733A313A2231223B73746F72655F69647C693A313B6861735F73746F72655F69647C4E3B72656769737465725F69647C733A313A2231223B636173685F696E5F68616E647C733A31353A22313030303030303030302E30303030223B72656769737465725F6F70656E5F74696D657C733A31393A22323031382D30342D31382032303A32303A3233223B);
INSERT INTO `tec_sessions` VALUES ('r8fbvbl8477ecnahhucqdok5v7agn9tf', '127.0.0.1', '1524111900', 0x5F5F63695F6C6173745F726567656E65726174657C693A313532343131313930303B6964656E746974797C733A31383A2261646D696E4074656364696172792E636F6D223B757365726E616D657C733A353A2261646D696E223B656D61696C7C733A31383A2261646D696E4074656364696172792E636F6D223B757365725F69647C733A313A2231223B66697273745F6E616D657C733A353A2241646D696E223B6C6173745F6E616D657C733A353A2241646D696E223B637265617465645F6F6E7C733A32343A22546875203235204A756E20323031352031303A353920414D223B6F6C645F6C6173745F6C6F67696E7C733A31303A2231353234303537353336223B6C6173745F69707C733A333A223A3A31223B6176617461727C4E3B67656E6465727C733A343A226D616C65223B67726F75705F69647C733A313A2231223B73746F72655F69647C693A313B6861735F73746F72655F69647C4E3B72656769737465725F69647C733A313A2231223B636173685F696E5F68616E647C733A31353A22313030303030303030302E30303030223B72656769737465725F6F70656E5F74696D657C733A31393A22323031382D30342D31382032303A32303A3233223B);
INSERT INTO `tec_sessions` VALUES ('r97mom7mr38684jhnepjb1i7q2ks7o74', '127.0.0.1', '1524110267', 0x5F5F63695F6C6173745F726567656E65726174657C693A313532343131303236373B6964656E746974797C733A31383A2261646D696E4074656364696172792E636F6D223B757365726E616D657C733A353A2261646D696E223B656D61696C7C733A31383A2261646D696E4074656364696172792E636F6D223B757365725F69647C733A313A2231223B66697273745F6E616D657C733A353A2241646D696E223B6C6173745F6E616D657C733A353A2241646D696E223B637265617465645F6F6E7C733A32343A22546875203235204A756E20323031352031303A353920414D223B6F6C645F6C6173745F6C6F67696E7C733A31303A2231353234303537353336223B6C6173745F69707C733A333A223A3A31223B6176617461727C4E3B67656E6465727C733A343A226D616C65223B67726F75705F69647C733A313A2231223B73746F72655F69647C693A313B6861735F73746F72655F69647C4E3B72656769737465725F69647C733A313A2231223B636173685F696E5F68616E647C733A31353A22313030303030303030302E30303030223B72656769737465725F6F70656E5F74696D657C733A31393A22323031382D30342D31382032303A32303A3233223B);
INSERT INTO `tec_sessions` VALUES ('r97nda2ge40p1fgeee9kdcbnbkmng7dd', '::1', '1524071920', 0x5F5F63695F6C6173745F726567656E65726174657C693A313532343037313138323B6964656E746974797C733A31383A2261646D696E4074656364696172792E636F6D223B757365726E616D657C733A353A2261646D696E223B656D61696C7C733A31383A2261646D696E4074656364696172792E636F6D223B757365725F69647C733A313A2231223B66697273745F6E616D657C733A353A2241646D696E223B6C6173745F6E616D657C733A353A2241646D696E223B637265617465645F6F6E7C733A32343A22546875203235204A756E20323031352031303A353920414D223B6F6C645F6C6173745F6C6F67696E7C733A31303A2231343432323932373239223B6C6173745F69707C733A393A223132372E302E302E31223B6176617461727C4E3B67656E6465727C733A343A226D616C65223B67726F75705F69647C733A313A2231223B73746F72655F69647C693A313B6861735F73746F72655F69647C4E3B72656769737465725F69647C733A313A2231223B636173685F696E5F68616E647C733A31353A22313030303030303030302E30303030223B72656769737465725F6F70656E5F74696D657C733A31393A22323031382D30342D31382032303A32303A3233223B);
INSERT INTO `tec_sessions` VALUES ('rns5t17ptfrua360kv39g9hsn9t4acq3', '127.0.0.1', '1524109575', 0x5F5F63695F6C6173745F726567656E65726174657C693A313532343130393537353B);
INSERT INTO `tec_sessions` VALUES ('scg7tghnbto0p8dcqoc4lhse0bplf7nc', '127.0.0.1', '1524126038', 0x5F5F63695F6C6173745F726567656E65726174657C693A313532343132363033383B6964656E746974797C733A31383A2261646D696E4074656364696172792E636F6D223B757365726E616D657C733A353A2261646D696E223B656D61696C7C733A31383A2261646D696E4074656364696172792E636F6D223B757365725F69647C733A313A2231223B66697273745F6E616D657C733A353A2241646D696E223B6C6173745F6E616D657C733A353A2241646D696E223B637265617465645F6F6E7C733A32343A22546875203235204A756E20323031352031303A353920414D223B6F6C645F6C6173745F6C6F67696E7C733A31303A2231353234313039363039223B6C6173745F69707C733A393A223132372E302E302E31223B6176617461727C4E3B67656E6465727C733A343A226D616C65223B67726F75705F69647C733A313A2231223B73746F72655F69647C693A313B6861735F73746F72655F69647C4E3B72656769737465725F69647C733A313A2231223B636173685F696E5F68616E647C733A31353A22313030303030303030302E30303030223B72656769737465725F6F70656E5F74696D657C733A31393A22323031382D30342D31382032303A32303A3233223B726D73706F737C693A313B);
INSERT INTO `tec_sessions` VALUES ('sk53jlvgk4hcvu2lohosqfnrsk0o94ui', '127.0.0.1', '1524132607', 0x5F5F63695F6C6173745F726567656E65726174657C693A313532343133323630373B6964656E746974797C733A31383A2261646D696E4074656364696172792E636F6D223B757365726E616D657C733A353A2261646D696E223B656D61696C7C733A31383A2261646D696E4074656364696172792E636F6D223B757365725F69647C733A313A2231223B66697273745F6E616D657C733A353A2241646D696E223B6C6173745F6E616D657C733A353A2241646D696E223B637265617465645F6F6E7C733A32343A22546875203235204A756E20323031352031303A353920414D223B6F6C645F6C6173745F6C6F67696E7C733A31303A2231353234313039363039223B6C6173745F69707C733A393A223132372E302E302E31223B6176617461727C4E3B67656E6465727C733A343A226D616C65223B67726F75705F69647C733A313A2231223B73746F72655F69647C693A313B6861735F73746F72655F69647C4E3B72656769737465725F69647C733A313A2231223B636173685F696E5F68616E647C733A31353A22313030303030303030302E30303030223B72656769737465725F6F70656E5F74696D657C733A31393A22323031382D30342D31382032303A32303A3233223B);
INSERT INTO `tec_sessions` VALUES ('sktue22qngig2f0tj114bjeao0phiine', '127.0.0.1', '1524132949', 0x5F5F63695F6C6173745F726567656E65726174657C693A313532343133323934393B6964656E746974797C733A31383A2261646D696E4074656364696172792E636F6D223B757365726E616D657C733A353A2261646D696E223B656D61696C7C733A31383A2261646D696E4074656364696172792E636F6D223B757365725F69647C733A313A2231223B66697273745F6E616D657C733A353A2241646D696E223B6C6173745F6E616D657C733A353A2241646D696E223B637265617465645F6F6E7C733A32343A22546875203235204A756E20323031352031303A353920414D223B6F6C645F6C6173745F6C6F67696E7C733A31303A2231353234313039363039223B6C6173745F69707C733A393A223132372E302E302E31223B6176617461727C4E3B67656E6465727C733A343A226D616C65223B67726F75705F69647C733A313A2231223B73746F72655F69647C693A313B6861735F73746F72655F69647C4E3B72656769737465725F69647C733A313A2231223B636173685F696E5F68616E647C733A31353A22313030303030303030302E30303030223B72656769737465725F6F70656E5F74696D657C733A31393A22323031382D30342D31382032303A32303A3233223B);
INSERT INTO `tec_sessions` VALUES ('u0bobkoll32vsl0g95t779jr9mjr5l8c', '127.0.0.1', '1524130698', 0x5F5F63695F6C6173745F726567656E65726174657C693A313532343133303639383B6964656E746974797C733A31383A2261646D696E4074656364696172792E636F6D223B757365726E616D657C733A353A2261646D696E223B656D61696C7C733A31383A2261646D696E4074656364696172792E636F6D223B757365725F69647C733A313A2231223B66697273745F6E616D657C733A353A2241646D696E223B6C6173745F6E616D657C733A353A2241646D696E223B637265617465645F6F6E7C733A32343A22546875203235204A756E20323031352031303A353920414D223B6F6C645F6C6173745F6C6F67696E7C733A31303A2231353234313039363039223B6C6173745F69707C733A393A223132372E302E302E31223B6176617461727C4E3B67656E6465727C733A343A226D616C65223B67726F75705F69647C733A313A2231223B73746F72655F69647C693A313B6861735F73746F72655F69647C4E3B72656769737465725F69647C733A313A2231223B636173685F696E5F68616E647C733A31353A22313030303030303030302E30303030223B72656769737465725F6F70656E5F74696D657C733A31393A22323031382D30342D31382032303A32303A3233223B);
INSERT INTO `tec_sessions` VALUES ('v655sk63gmr8e36bbk6qg0pubprou4o3', '::1', '1524068930', 0x5F5F63695F6C6173745F726567656E65726174657C693A313532343036373239323B6964656E746974797C733A31383A2261646D696E4074656364696172792E636F6D223B757365726E616D657C733A353A2261646D696E223B656D61696C7C733A31383A2261646D696E4074656364696172792E636F6D223B757365725F69647C733A313A2231223B66697273745F6E616D657C733A353A2241646D696E223B6C6173745F6E616D657C733A353A2241646D696E223B637265617465645F6F6E7C733A32343A22546875203235204A756E20323031352031303A353920414D223B6F6C645F6C6173745F6C6F67696E7C733A31303A2231343432323932373239223B6C6173745F69707C733A393A223132372E302E302E31223B6176617461727C4E3B67656E6465727C733A343A226D616C65223B67726F75705F69647C733A313A2231223B73746F72655F69647C693A313B6861735F73746F72655F69647C4E3B72656769737465725F69647C733A313A2231223B636173685F696E5F68616E647C733A31353A22313030303030303030302E30303030223B72656769737465725F6F70656E5F74696D657C733A31393A22323031382D30342D31382032303A32303A3233223B);
INSERT INTO `tec_sessions` VALUES ('vfp282k2qr8jkq73kvvgehicqspemqc4', '127.0.0.1', '1524131695', 0x5F5F63695F6C6173745F726567656E65726174657C693A313532343133313639353B6964656E746974797C733A31383A2261646D696E4074656364696172792E636F6D223B757365726E616D657C733A353A2261646D696E223B656D61696C7C733A31383A2261646D696E4074656364696172792E636F6D223B757365725F69647C733A313A2231223B66697273745F6E616D657C733A353A2241646D696E223B6C6173745F6E616D657C733A353A2241646D696E223B637265617465645F6F6E7C733A32343A22546875203235204A756E20323031352031303A353920414D223B6F6C645F6C6173745F6C6F67696E7C733A31303A2231353234313039363039223B6C6173745F69707C733A393A223132372E302E302E31223B6176617461727C4E3B67656E6465727C733A343A226D616C65223B67726F75705F69647C733A313A2231223B73746F72655F69647C693A313B6861735F73746F72655F69647C4E3B72656769737465725F69647C733A313A2231223B636173685F696E5F68616E647C733A31353A22313030303030303030302E30303030223B72656769737465725F6F70656E5F74696D657C733A31393A22323031382D30342D31382032303A32303A3233223B);

-- ----------------------------
-- Table structure for tec_settings
-- ----------------------------
DROP TABLE IF EXISTS `tec_settings`;
CREATE TABLE `tec_settings` (
  `setting_id` int(1) NOT NULL,
  `logo` varchar(255) NOT NULL,
  `site_name` varchar(55) NOT NULL,
  `tel` varchar(20) NOT NULL,
  `dateformat` varchar(20) DEFAULT NULL,
  `timeformat` varchar(20) DEFAULT NULL,
  `default_email` varchar(100) NOT NULL,
  `language` varchar(20) NOT NULL,
  `version` varchar(10) NOT NULL DEFAULT '1.0',
  `theme` varchar(20) NOT NULL,
  `timezone` varchar(255) NOT NULL DEFAULT '0',
  `protocol` varchar(20) NOT NULL DEFAULT 'mail',
  `smtp_host` varchar(255) DEFAULT NULL,
  `smtp_user` varchar(100) DEFAULT NULL,
  `smtp_pass` varchar(255) DEFAULT NULL,
  `smtp_port` varchar(10) DEFAULT '25',
  `smtp_crypto` varchar(5) DEFAULT NULL,
  `mmode` tinyint(1) NOT NULL,
  `captcha` tinyint(1) NOT NULL DEFAULT '1',
  `mailpath` varchar(55) DEFAULT NULL,
  `currency_prefix` varchar(3) NOT NULL,
  `default_customer` int(11) NOT NULL,
  `default_tax_rate` varchar(20) NOT NULL,
  `rows_per_page` int(2) NOT NULL,
  `total_rows` int(2) NOT NULL,
  `header` varchar(1000) DEFAULT NULL,
  `footer` varchar(1000) DEFAULT NULL,
  `bsty` tinyint(4) NOT NULL,
  `display_kb` tinyint(4) NOT NULL,
  `default_category` int(11) NOT NULL,
  `default_discount` varchar(20) NOT NULL,
  `item_addition` tinyint(1) NOT NULL,
  `barcode_symbology` varchar(55) DEFAULT NULL,
  `pro_limit` tinyint(4) NOT NULL,
  `decimals` tinyint(1) NOT NULL DEFAULT '2',
  `thousands_sep` varchar(2) NOT NULL DEFAULT ',',
  `decimals_sep` varchar(2) NOT NULL DEFAULT '.',
  `focus_add_item` varchar(55) DEFAULT NULL,
  `add_customer` varchar(55) DEFAULT NULL,
  `toggle_category_slider` varchar(55) DEFAULT NULL,
  `cancel_sale` varchar(55) DEFAULT NULL,
  `suspend_sale` varchar(55) DEFAULT NULL,
  `print_order` varchar(55) DEFAULT NULL,
  `print_bill` varchar(55) DEFAULT NULL,
  `finalize_sale` varchar(55) DEFAULT NULL,
  `today_sale` varchar(55) DEFAULT NULL,
  `open_hold_bills` varchar(55) DEFAULT NULL,
  `close_register` varchar(55) DEFAULT NULL,
  `java_applet` tinyint(1) NOT NULL,
  `receipt_printer` varchar(55) DEFAULT NULL,
  `pos_printers` varchar(255) DEFAULT NULL,
  `cash_drawer_codes` varchar(55) DEFAULT NULL,
  `char_per_line` tinyint(4) DEFAULT '42',
  `rounding` tinyint(1) DEFAULT '0',
  `pin_code` varchar(20) DEFAULT NULL,
  `stripe` tinyint(1) DEFAULT NULL,
  `stripe_secret_key` varchar(100) DEFAULT NULL,
  `stripe_publishable_key` varchar(100) DEFAULT NULL,
  `purchase_code` varchar(100) DEFAULT NULL,
  `envato_username` varchar(50) DEFAULT NULL,
  `theme_style` varchar(25) DEFAULT 'green',
  `after_sale_page` tinyint(1) DEFAULT NULL,
  `overselling` tinyint(1) DEFAULT '1',
  `multi_store` tinyint(1) DEFAULT NULL,
  `qty_decimals` tinyint(1) DEFAULT '2',
  `symbol` varchar(55) DEFAULT NULL,
  `sac` tinyint(1) DEFAULT '0',
  `display_symbol` tinyint(1) DEFAULT NULL,
  `remote_printing` tinyint(1) DEFAULT '1',
  `printer` int(11) DEFAULT NULL,
  `order_printers` varchar(55) DEFAULT NULL,
  `auto_print` tinyint(1) DEFAULT '0',
  `local_printers` tinyint(1) DEFAULT NULL,
  `rtl` tinyint(1) DEFAULT NULL,
  `print_img` tinyint(1) DEFAULT NULL,
  PRIMARY KEY (`setting_id`)
) ENGINE=InnoDB DEFAULT CHARSET=utf8;

-- ----------------------------
-- Records of tec_settings
-- ----------------------------
INSERT INTO `tec_settings` VALUES ('1', 'logo1.png', 'SimplePOS', '0105292122', 'D j M Y', 'h:i A', 'noreply@spos.tecdiary.my', 'english', '4.0.19', 'default', 'Asia/Kuala_Lumpur', 'mail', 'pop.gmail.com', 'noreply@spos.tecdiary.my', '', '25', '', '0', '0', null, 'USD', '3', '5%', '10', '30', null, null, '3', '0', '1', '0', '1', null, '10', '2', ',', '.', 'ALT+F1', 'ALT+F2', 'ALT+F10', 'ALT+F5', 'ALT+F6', 'ALT+F11', 'ALT+F12', 'ALT+F8', 'Ctrl+F1', 'Ctrl+F2', 'ALT+F7', '0', '', '', '', '42', '1', '2122', '0', '', '', 'a219dfd2-8b9e-42f3-8a72-6261f256aebc', 'jackyphuong', 'green', '0', '1', '0', '2', '', '0', '0', '1', '1', 'null', '0', '1', '0', '0');

-- ----------------------------
-- Table structure for tec_stores
-- ----------------------------
DROP TABLE IF EXISTS `tec_stores`;
CREATE TABLE `tec_stores` (
  `id` int(11) NOT NULL AUTO_INCREMENT,
  `name` varchar(50) NOT NULL,
  `code` varchar(20) NOT NULL,
  `logo` varchar(40) DEFAULT NULL,
  `email` varchar(100) DEFAULT NULL,
  `phone` varchar(15) NOT NULL,
  `address1` varchar(50) DEFAULT NULL,
  `address2` varchar(50) DEFAULT NULL,
  `city` varchar(20) DEFAULT NULL,
  `state` varchar(20) DEFAULT NULL,
  `postal_code` varchar(8) DEFAULT NULL,
  `country` varchar(25) DEFAULT NULL,
  `currency_code` varchar(3) DEFAULT NULL,
  `receipt_header` text,
  `receipt_footer` text,
  PRIMARY KEY (`id`)
) ENGINE=InnoDB AUTO_INCREMENT=2 DEFAULT CHARSET=utf8;

-- ----------------------------
-- Records of tec_stores
-- ----------------------------
INSERT INTO `tec_stores` VALUES ('1', 'SimplePOS', 'POS', 'logo.png', 'store@tecdiary.com', '012345678', 'Address Line 1', '', 'Petaling Jaya', 'Selangor', '46000', 'Malaysia', 'MYR', null, 'This is receipt footer for store');

-- ----------------------------
-- Table structure for tec_suppliers
-- ----------------------------
DROP TABLE IF EXISTS `tec_suppliers`;
CREATE TABLE `tec_suppliers` (
  `id` int(11) NOT NULL AUTO_INCREMENT,
  `name` varchar(55) NOT NULL,
  `cf1` varchar(255) NOT NULL,
  `cf2` varchar(255) NOT NULL,
  `phone` varchar(20) NOT NULL,
  `email` varchar(100) NOT NULL,
  PRIMARY KEY (`id`)
) ENGINE=InnoDB AUTO_INCREMENT=2 DEFAULT CHARSET=utf8;

-- ----------------------------
-- Records of tec_suppliers
-- ----------------------------
INSERT INTO `tec_suppliers` VALUES ('1', 'Test Supplier', '1', '2', '0123456789', 'supplier@tecdairy.com');

-- ----------------------------
-- Table structure for tec_suspended_items
-- ----------------------------
DROP TABLE IF EXISTS `tec_suspended_items`;
CREATE TABLE `tec_suspended_items` (
  `id` int(11) NOT NULL AUTO_INCREMENT,
  `suspend_id` int(11) NOT NULL,
  `product_id` int(11) NOT NULL,
  `quantity` decimal(15,4) NOT NULL,
  `unit_price` decimal(25,4) NOT NULL,
  `net_unit_price` decimal(25,4) NOT NULL,
  `discount` varchar(20) DEFAULT NULL,
  `item_discount` decimal(25,4) DEFAULT NULL,
  `tax` int(20) DEFAULT NULL,
  `item_tax` decimal(25,4) DEFAULT NULL,
  `subtotal` decimal(25,4) NOT NULL,
  `real_unit_price` decimal(25,4) DEFAULT NULL,
  `product_code` varchar(50) DEFAULT NULL,
  `product_name` varchar(50) DEFAULT NULL,
  `comment` varchar(255) DEFAULT NULL,
  PRIMARY KEY (`id`)
) ENGINE=InnoDB AUTO_INCREMENT=2 DEFAULT CHARSET=utf8;

-- ----------------------------
-- Records of tec_suspended_items
-- ----------------------------
INSERT INTO `tec_suspended_items` VALUES ('1', '1', '1', '1.0000', '2323.0000', '2323.0000', '0', '0.0000', '0', '0.0000', '2323.0000', '2323.0000', 'dkfks', 'jsdfjkdskl', '');

-- ----------------------------
-- Table structure for tec_suspended_sales
-- ----------------------------
DROP TABLE IF EXISTS `tec_suspended_sales`;
CREATE TABLE `tec_suspended_sales` (
  `id` int(11) NOT NULL AUTO_INCREMENT,
  `date` datetime NOT NULL,
  `customer_id` int(11) NOT NULL,
  `customer_name` varchar(55) NOT NULL,
  `total` decimal(25,4) NOT NULL,
  `product_discount` decimal(25,4) DEFAULT NULL,
  `order_discount_id` varchar(20) DEFAULT NULL,
  `order_discount` decimal(25,4) DEFAULT NULL,
  `total_discount` decimal(25,4) DEFAULT NULL,
  `product_tax` decimal(25,4) DEFAULT NULL,
  `order_tax_id` varchar(20) DEFAULT NULL,
  `order_tax` decimal(25,4) DEFAULT NULL,
  `total_tax` decimal(25,4) DEFAULT NULL,
  `grand_total` decimal(25,4) NOT NULL,
  `total_items` int(11) DEFAULT NULL,
  `total_quantity` decimal(15,4) DEFAULT NULL,
  `paid` decimal(25,4) DEFAULT NULL,
  `created_by` int(11) DEFAULT NULL,
  `updated_by` int(11) DEFAULT NULL,
  `updated_at` datetime DEFAULT NULL,
  `note` varchar(1000) DEFAULT NULL,
  `hold_ref` varchar(255) DEFAULT NULL,
  `store_id` int(11) NOT NULL DEFAULT '1',
  PRIMARY KEY (`id`)
) ENGINE=InnoDB AUTO_INCREMENT=2 DEFAULT CHARSET=utf8;

-- ----------------------------
-- Records of tec_suspended_sales
-- ----------------------------
INSERT INTO `tec_suspended_sales` VALUES ('1', '2018-04-18 23:48:07', '3', 'quân', '2323.0000', '0.0000', null, '0.0000', '0.0000', '0.0000', '5%', '116.1500', '116.1500', '2439.1500', '1', '1.0000', '0.0000', '1', null, null, '', '7900', '1');

-- ----------------------------
-- Table structure for tec_users
-- ----------------------------
DROP TABLE IF EXISTS `tec_users`;
CREATE TABLE `tec_users` (
  `id` int(11) unsigned NOT NULL AUTO_INCREMENT,
  `last_ip_address` varbinary(45) DEFAULT NULL,
  `ip_address` varbinary(45) DEFAULT NULL,
  `username` varchar(100) NOT NULL,
  `password` varchar(40) NOT NULL,
  `salt` varchar(40) DEFAULT NULL,
  `email` varchar(100) NOT NULL,
  `activation_code` varchar(40) DEFAULT NULL,
  `forgotten_password_code` varchar(40) DEFAULT NULL,
  `forgotten_password_time` int(11) unsigned DEFAULT NULL,
  `remember_code` varchar(40) DEFAULT NULL,
  `created_on` int(11) unsigned NOT NULL,
  `last_login` int(11) unsigned DEFAULT NULL,
  `active` tinyint(1) unsigned DEFAULT NULL,
  `first_name` varchar(50) DEFAULT NULL,
  `last_name` varchar(50) DEFAULT NULL,
  `company` varchar(100) DEFAULT NULL,
  `phone` varchar(20) DEFAULT NULL,
  `avatar` varchar(55) DEFAULT NULL,
  `gender` varchar(20) DEFAULT NULL,
  `group_id` int(11) unsigned NOT NULL DEFAULT '2',
  `store_id` int(11) DEFAULT NULL,
  PRIMARY KEY (`id`),
  KEY `group_id` (`group_id`)
) ENGINE=InnoDB AUTO_INCREMENT=3 DEFAULT CHARSET=utf8;

-- ----------------------------
-- Records of tec_users
-- ----------------------------
INSERT INTO `tec_users` VALUES ('1', 0x3132372E302E302E31, 0x3132372E302E302E31, 'admin', '80d6756eac76c0adae5714bc2d91d1d347fdfb19', null, 'admin@tecdiary.com', null, null, null, '93225b4bd36a499826c3a030001a22feb448c566', '1435204774', '1524121934', '1', 'Admin', 'Admin', 'Tecdiary', '012345678', null, 'male', '1', null);

-- ----------------------------
-- Table structure for tec_user_logins
-- ----------------------------
DROP TABLE IF EXISTS `tec_user_logins`;
CREATE TABLE `tec_user_logins` (
  `id` int(11) NOT NULL AUTO_INCREMENT,
  `user_id` int(11) NOT NULL,
  `company_id` int(11) DEFAULT NULL,
  `ip_address` varbinary(16) NOT NULL,
  `login` varchar(100) NOT NULL,
  `time` timestamp NULL DEFAULT CURRENT_TIMESTAMP,
  PRIMARY KEY (`id`)
) ENGINE=InnoDB AUTO_INCREMENT=3 DEFAULT CHARSET=utf8;

-- ----------------------------
-- Records of tec_user_logins
-- ----------------------------
INSERT INTO `tec_user_logins` VALUES ('1', '1', null, 0x3A3A31, 'admin@tecdiary.com', '2018-04-18 20:18:56');
INSERT INTO `tec_user_logins` VALUES ('2', '1', null, 0x3132372E302E302E31, 'admin@tecdiary.com', '2018-04-19 10:46:49');
