A1111,YC xịn,50000,0,230000,5
A1111,YC xịn,50000,0,230000,5
A1119,Xích cam,50000,0,320000,13
A1120,Xích cam,50000,0,460000,44
A1121,Xích cam,50000,0,460000,45
A1122,Xích cam,50000,0,245000,47
A1123,Xích cam,50000,0,280000,48
A1124,Vành sau,50000,0,480000,39
A1125,Vành sau,50000,0,1800000,9
A1126,Vá xe XS,50000,0,15000,19
A1127,Vá xe XG,50000,0,30000,19
A1128,Trục két nước,50000,0,630000,29
A1129,Trục két nước,50000,0,0,25
A1130,Trục két nước,50000,0,0,33
A1131,Trục két nước,50000,0,0,18
A1132,Trục két nước,50000,0,0,44
A1133,Trục két nước,50000,0,0,45
A1134,Trục cần số,50000,0,280000,47
A1135,Trục cam mới,50000,0,1400000,29
A1136,Trục cam mới,50000,0,1280000,25
A1137,Trục cam mới,50000,0,980000,33
A1138,Trục cam mới,50000,0,980000,18
A1139,Trục cam mới,50000,0,980000,44
A1140,Trục cam mới,50000,0,980000,45
A1141,trục cam cò,50000,0,2800000,29
A1142,trục cam cò,50000,0,2380000,25
A1143,trục cam cò,50000,0,1400000,33
A1144,trục cam cò,50000,0,1400000,18
A1145,trục cam cò,50000,0,1400000,44
A1146,trục cam cò,50000,0,1400000,45
A1147,Thay cổ bô XS ngắn,50000,0,90000,19
A1148,Thay cổ bô XS dài,50000,0,120000,19
A1149,Thay cổ bô XG,50000,0,180000,19
A1150,Thanh ty cam,50000,0,,48
A1151,Ty sóc sau,50000,0,280000,5
A1152,Ty sóc sau,50000,0,280000,4
A1153,Ty sóc sau,50000,0,360000,39
A1154,Ty sóc sau,50000,0,360000,38
A1155,Ty sóc sau,50000,0,360000,40
A1156,Ty sóc sau,50000,0,360000,42
A1157,Ty sóc sau,50000,0,360000,13
A1158,Ty sóc sau,50000,0,360000,11
A1159,Ty sóc sau,50000,0,360000,12
A1160,Ty sóc sau,50000,0,320000,14
A1161,Ty sóc sau,50000,0,320000,17
A1162,Ty sóc sau,50000,0,320000,30
A1163,Ty sóc sau,50000,0,320000,31
A1164,Ty sóc sau,50000,0,320000,8
A1165,Ty sóc sau,50000,0,320000,9
A1166,Ty sóc sau,50000,0,320000,36
A1167,Ty sóc sau,50000,0,280000,6
A1168,Ty giảm sóc,50000,0,380000,13
A1169,Ty giảm sóc,50000,0,380000,47
A1170,Tổng bơm dầu,50000,0,345000,13
A1171,Tổng bơm dầu,50000,0,345000,47
A1172,Tổng bơm dầu,50000,0,,48
A1173,Tì cam,50000,0,980000,29
A1174,Tì cam,50000,0,850000,25
A1175,Tì cam,50000,0,680000,33
A1176,Tì cam,50000,0,680000,18
A1177,Tì cam,50000,0,680000,44
A1178,Tì cam,50000,0,680000,45
A1179,Tăng cam,50000,0,720000,29
A1180,Tăng cam,50000,0,680000,25
A1181,Tăng cam,50000,0,520000,33
A1182,Tăng cam,50000,0,520000,18
A1183,Tăng cam,50000,0,520000,44
A1184,Tăng cam,50000,0,520000,45
A1185,Tay phanh nắm,50000,0,220000,1
A1186,Tay phanh đĩa,50000,0,220000,29
A1187,Tay phanh đĩa,50000,0,180000,25
A1188,Tay phanh đĩa,50000,0,120000,34
A1189,Tay phanh đĩa,50000,0,120000,35
A1190,Tay phanh đĩa,50000,0,180000,28
A1191,Tay phanh đĩa,50000,0,180000,3
A1192,Tay phanh đĩa,50000,0,180000,37
A1193,Tay phanh đĩa,50000,0,160000,21
A1194,Tay phanh đĩa,50000,0,120000,22
A1195,Tay phanh đĩa,50000,0,120000,20
A1196,Tay phanh đĩa,50000,0,120000,32
A1197,Tay phanh đĩa,50000,0,120000,10
A1198,Tay phanh đĩa,50000,0,120000,2
A1199,Tay phanh đĩa,50000,0,120000,27
A1200,Tay phanh đĩa,50000,0,120000,15
A1201,Tay phanh đĩa,50000,0,120000,24
A1202,Tay phanh đĩa,50000,0,180000,1
A1203,Tay phanh cơ,50000,0,180000,29
A1204,Tay phanh cơ,50000,0,160000,25
A1205,Tay phanh cơ,50000,0,120000,34
A1206,Tay phanh cơ,50000,0,120000,35
A1207,Tay phanh cơ,50000,0,120000,28
A1208,Tay phanh cơ,50000,0,120000,3
A1209,Tay phanh cơ,50000,0,120000,37
A1210,Tay phanh cơ,50000,0,120000,21
A1211,Tay phanh cơ,50000,0,120000,22
A1212,Tay phanh cơ,50000,0,120000,20
A1213,Tay phanh cơ,50000,0,120000,32
A1214,Tay phanh cơ,50000,0,120000,10
A1215,Tay phanh cơ,50000,0,120000,2
A1216,Tay phanh cơ,50000,0,120000,27
A1217,Tay phanh cơ,50000,0,120000,15
A1218,Tay phanh cơ,50000,0,120000,24
A1219,Tay phanh cơ,50000,0,120000,1
A1220,Tay phanh ,50000,0,75000,5
A1221,Tay phanh,50000,0,75000,30
A1222,Tay nắm,50000,0,135000,5
A1223,Tay biên,50000,0,980000,29
A1224,Tay biên,50000,0,850000,25
A1225,Tay biên,50000,0,420000,33
A1226,Tay biên,50000,0,420000,18
A1227,Tay biên,50000,0,420000,44
A1228,Tay biên,50000,0,420000,45
A1229,Sup pap,50000,0,280000,13
A1230,Sup pap,50000,0,140000,47
A1231,Sup pap,50000,0,320000,48
A1232,Sơn dè,50000,0,120000,5
A1233,Sâu công tơ mét,50000,0,95000,5
A1234,Sâu công tơ mét,50000,0,95000,4
A1235,Sâu công tơ mét,50000,0,165000,39
A1236,Sâu công tơ mét,50000,0,165000,38
A1237,Sâu công tơ mét,50000,0,165000,40
A1238,Sâu công tơ mét,50000,0,165000,42
A1239,Sâu công tơ mét,50000,0,165000,13
A1240,Sâu công tơ mét,50000,0,165000,11
A1241,Sâu công tơ mét,50000,0,165000,12
A1242,Sâu công tơ mét,50000,0,165000,14
A1243,Sâu công tơ mét,50000,0,165000,17
A1244,Sâu công tơ mét,50000,0,165000,30
A1245,Sâu công tơ mét,50000,0,165000,31
A1246,Sâu công tơ mét,50000,0,165000,8
A1247,Sâu công tơ mét,50000,0,165000,9
A1248,Sâu công tơ mét,50000,0,115000,36
A1249,Sâu công tơ mét,50000,0,165000,6
A1250,Săm 275-17,50000,0,80000,19
A1251,Săm 225/250-17,50000,0,65000,19
A1252,Săm -16,50000,0,90000,19
A1253,Săm -14,50000,0,80000,19
A1254,Sạc xịn,50000,0,2350000,29
A1255,Sạc xịn,50000,0,850000,34
A1256,Sạc xịn,50000,0,850000,35
A1257,Sạc xịn,50000,0,850000,28
A1258,Sạc xịn,50000,0,480000,3
A1259,Sạc xịn,50000,0,850000,2
A1260,Sạc thường,50000,0,550000,1
A1261,Sạc rắc,50000,0,1150000,25
A1262,Sạc FI,50000,0,950000,1
A1263,Sạc dây,50000,0,1150000,25
A1264,Sạc bãi,50000,0,2150000,29
A1265,Sạc bãi,50000,0,,34
A1266,Sạc bãi,50000,0,,35
A1267,Sạc bãi,50000,0,,28
A1268,Sạc bãi,50000,0,,3
A1269,Sạc bãi,50000,0,550000,2
A1270,Sạc,50000,0,480000,37
A1271,Sạc,50000,0,950000,21
A1272,Sạc,50000,0,380000,22
A1273,Sạc,50000,0,480000,20
A1274,Sạc,50000,0,850000,32
A1275,Sạc,50000,0,850000,10
A1276,Sạc,50000,0,850000,27
A1277,Sạc,50000,0,480000,15
A1278,Sạc,50000,0,,24
A1279,Rửa xe,50000,0,15000,19
A1280,Rơ le xi nhan,50000,0,280000,29
A1281,Rơ le xi nhan,50000,0,120000,22
A1282,Rơ le xi nhan,50000,0,120000,20
A1283,Rơ le đề,50000,0,480000,29
A1284,Rơ le đề,50000,0,320000,25
A1285,Rơ le đề,50000,0,380000,34
A1286,Rơ le đề,50000,0,380000,35
A1287,Rơ le đề,50000,0,380000,28
A1288,Rơ le đề,50000,0,380000,3
A1289,Rơ le đề,50000,0,380000,37
A1290,Rơ le đề,50000,0,380000,21
A1291,Rơ le đề,50000,0,380000,22
A1292,Rơ le đề,50000,0,380000,20
A1293,Rơ le đề,50000,0,380000,32
A1294,Rơ le đề,50000,0,380000,10
A1295,Rơ le đề,50000,0,380000,2
A1296,Rơ le đề,50000,0,420000,27
A1297,Rơ le đề,50000,0,420000,15
A1298,Rơ le đề,50000,0,420000,24
A1299,Rơ le đề,50000,0,380000,1
A1300,Rơ le bơm xăng,50000,0,280000,29
A1301,Rơ le bơm xăng,50000,0,120000,25
A1302,Rơ le bơm xăng,50000,0,280000,34
A1303,Rơ le bơm xăng,50000,0,280000,35
A1304,Rơ le bơm xăng,50000,0,,28
A1305,Rơ le bơm xăng,50000,0,,3
A1306,Rơ le bơm xăng,50000,0,,37
A1307,Rơ le bơm xăng,50000,0,,21
A1308,Rơ le bơm xăng,50000,0,,22
A1309,Rơ le bơm xăng,50000,0,,20
A1310,Rơ le bơm xăng,50000,0,,32
A1311,Rơ le bơm xăng,50000,0,,10
A1312,Rơ le bơm xăng,50000,0,,2
A1313,Rơ le bơm xăng,50000,0,,27
A1314,Rơ le bơm xăng,50000,0,,15
A1315,Rơ le bơm xăng,50000,0,,24
A1316,Rơ le bơm xăng,50000,0,280000,1
A1317,Rà vét miệng CE,50000,0,40000,1
A1318,Quây trước,50000,0,,29
A1319,Quây trước,50000,0,,25
A1320,Quây trước,50000,0,,34
A1321,Quây trước,50000,0,,35
A1322,Quây trước,50000,0,480000,28
A1323,Quây trước,50000,0,,3
A1324,Quây trước,50000,0,,37
A1325,Quây trước,50000,0,,21
A1326,Quây trước,50000,0,,22
A1327,Quây trước,50000,0,,20
A1328,Quây trước,50000,0,,32
A1329,Quây trước,50000,0,,10
A1330,Quây trước,50000,0,,2
A1331,Quây trước,50000,0,,27
A1332,Quây trước,50000,0,,15
A1333,Quây trước,50000,0,,24
A1334,Quây trước,50000,0,,1
A1335,Quả pittong,50000,0,850000,29
A1336,Quả pittong,50000,0,920000,25
A1337,Quả pittong,50000,0,680000,33
A1338,Quả pittong,50000,0,680000,18
A1339,Quả pittong,50000,0,265000,13
A1340,Quả pittong,50000,0,520000,44
A1341,Quả pittong,50000,0,680000,45
A1342,Quả pittong,50000,0,265000,47
A1343,Quả pittong,50000,0,285000,48
A1344,Phớt và trục nước mát,50000,0,850000,29
A1345,Phớt và trục nước mát,50000,0,850000,29
A1346,Phớt và trục nước mát,50000,0,0,25
A1347,Phớt và trục nước mát,50000,0,850000,25
A1348,Phớt và trục nước mát,50000,0,0,34
A1349,Phớt và trục nước mát,50000,0,480000,34
A1350,Phớt và trục nước mát,50000,0,0,35
A1351,Phớt và trục nước mát,50000,0,480000,35
A1352,Phớt và trục nước mát,50000,0,480000,28
A1353,Phớt và trục nước mát,50000,0,480000,28
A1354,Phớt và trục nước mát,50000,0,480000,18
A1355,Phớt và trục nước mát,50000,0,480000,3
A1356,Phớt và trục nước mát,50000,0,480000,3
A1357,Phớt và trục nước mát,50000,0,480000,37
A1358,Phớt và trục nước mát,50000,0,480000,37
A1359,Phớt và trục nước mát,50000,0,480000,21
A1360,Phớt và trục nước mát,50000,0,480000,21
A1361,Phớt và trục nước mát,50000,0,0,22
A1362,Phớt và trục nước mát,50000,0,480000,22
A1363,Phớt và trục nước mát,50000,0,0,20
A1364,Phớt và trục nước mát,50000,0,0,32
A1365,Phớt và trục nước mát,50000,0,0,32
A1366,Phớt và trục nước mát,50000,0,0,10
A1367,Phớt và trục nước mát,50000,0,0,10
A1368,Phớt và trục nước mát,50000,0,0,2
A1369,Phớt và trục nước mát,50000,0,0,2
A1370,Phớt và trục nước mát,50000,0,0,27
A1371,Phớt và trục nước mát,50000,0,0,27
A1372,Phớt và trục nước mát,50000,0,0,15
A1373,Phớt và trục nước mát,50000,0,0,15
A1374,Phớt và trục nước mát,50000,0,0,24
A1375,Phớt và trục nước mát,50000,0,0,24
A1376,Phớt và trục nước mát,50000,0,480000,22
A1377,Phớt và trục nước mát,50000,0,850000,9
A1378,Phớt và trục nước mát,50000,0,0,1
A1379,Phớt trục lap,50000,0,180000,29
A1380,Phớt trục lap,50000,0,180000,29
A1381,Phớt trục lap,50000,0,160000,25
A1382,Phớt trục lap,50000,0,180000,25
A1383,Phớt trục lap,50000,0,120000,34
A1384,Phớt trục lap,50000,0,120000,34
A1385,Phớt trục lap,50000,0,120000,35
A1386,Phớt trục lap,50000,0,120000,35
A1387,Phớt trục lap,50000,0,120000,28
A1388,Phớt trục lap,50000,0,120000,28
A1389,Phớt trục lap,50000,0,120000,18
A1390,Phớt trục lap,50000,0,120000,3
A1391,Phớt trục lap,50000,0,120000,3
A1392,Phớt trục lap,50000,0,120000,37
A1393,Phớt trục lap,50000,0,120000,37
A1394,Phớt trục lap,50000,0,120000,21
A1395,Phớt trục lap,50000,0,120000,21
A1396,Phớt trục lap,50000,0,120000,22
A1397,Phớt trục lap,50000,0,120000,22
A1398,Phớt trục lap,50000,0,120000,20
A1399,Phớt trục lap,50000,0,120000,32
A1400,Phớt trục lap,50000,0,120000,32
A1401,Phớt trục lap,50000,0,120000,10
A1402,Phớt trục lap,50000,0,120000,10
A1403,Phớt trục lap,50000,0,120000,2
A1404,Phớt trục lap,50000,0,120000,2
A1405,Phớt trục lap,50000,0,120000,27
A1406,Phớt trục lap,50000,0,120000,27
A1407,Phớt trục lap,50000,0,120000,15
A1408,Phớt trục lap,50000,0,120000,15
A1409,Phớt trục lap,50000,0,120000,24
A1410,Phớt trục lap,50000,0,120000,24
A1411,Phớt trục lap,50000,0,120000,22
A1412,Phớt trục lap,50000,0,120000,1
A1413,Phớt trục cơ,50000,0,220000,29
A1414,Phớt trục cơ,50000,0,220000,29
A1415,Phớt trục cơ,50000,0,180000,25
A1416,Phớt trục cơ,50000,0,220000,25
A1417,Phớt trục cơ,50000,0,180000,34
A1418,Phớt trục cơ,50000,0,180000,34
A1419,Phớt trục cơ,50000,0,180000,35
A1420,Phớt trục cơ,50000,0,180000,35
A1421,Phớt trục cơ,50000,0,180000,28
A1422,Phớt trục cơ,50000,0,180000,28
A1423,Phớt trục cơ,50000,0,180000,18
A1424,Phớt trục cơ,50000,0,180000,3
A1425,Phớt trục cơ,50000,0,180000,3
A1426,Phớt trục cơ,50000,0,180000,37
A1427,Phớt trục cơ,50000,0,180000,37
A1428,Phớt trục cơ,50000,0,180000,21
A1429,Phớt trục cơ,50000,0,180000,21
A1430,Phớt trục cơ,50000,0,180000,22
A1431,Phớt trục cơ,50000,0,180000,22
A1432,Phớt trục cơ,50000,0,180000,20
A1433,Phớt trục cơ,50000,0,180000,32
A1434,Phớt trục cơ,50000,0,180000,32
A1435,Phớt trục cơ,50000,0,180000,10
A1436,Phớt trục cơ,50000,0,180000,10
A1437,Phớt trục cơ,50000,0,180000,2
A1438,Phớt trục cơ,50000,0,180000,2
A1439,Phớt trục cơ,50000,0,180000,27
A1440,Phớt trục cơ,50000,0,180000,27
A1441,Phớt trục cơ,50000,0,180000,15
A1442,Phớt trục cơ,50000,0,180000,15
A1443,Phớt trục cơ,50000,0,180000,24
A1444,Phớt trục cơ,50000,0,180000,24
A1445,Phớt trục cơ,50000,0,180000,22
A1446,Phớt trục cơ,50000,0,180000,1
A1447,Phớt nhông,50000,0,35000,39
A1448,Phớt nhông,50000,0,60000,9
A1449,Phớt két nước,50000,0,280000,29
A1450,Phớt két nước,50000,0,0,25
A1451,Phớt két nước,50000,0,0,33
A1452,Phớt két nước,50000,0,0,18
A1453,Phớt két nước,50000,0,0,44
A1454,Phớt két nước,50000,0,0,45
A1455,Phớt giám sóc trước,50000,0,120000,38
A1456,Phớt giảm sóc trước,50000,0,160000,9
A1457,Phớt bi bánh trước,50000,0,30000,19
A1458,Phot trục lap,50000,0,,29
A1459,Phot trục lap,50000,0,,25
A1460,Phot trục lap,50000,0,,34
A1461,Phot trục lap,50000,0,,35
A1462,Phot trục lap,50000,0,,28
A1463,Phot trục lap,50000,0,,3
A1464,Phot trục lap,50000,0,,37
A1465,Phot trục lap,50000,0,,21
A1466,Phot trục lap,50000,0,,22
A1467,Phot trục lap,50000,0,,20
A1468,Phot trục lap,50000,0,,32
A1469,Phot trục lap,50000,0,,10
A1470,Phot trục lap,50000,0,,2
A1471,Phot trục lap,50000,0,,27
A1472,Phot trục lap,50000,0,,15
A1473,Phot trục lap,50000,0,,24
A1474,Phot trục lap,50000,0,,1
A1475,Phot git,50000,0,80000,13
A1476,Phot git,50000,0,40000,47
A1477,Phot git,50000,0,90000,48
A1478,Phot giảm sóc XS,50000,0,120000,19
A1479,Phot giảm sóc XG,50000,0,180000,19
A1480,Phot giảm sóc,50000,0,120000,42
A1481,Phay rà mặt quy lát,50000,0,280000,29
A1482,Phay rà mặt quy lát,50000,0,0,25
A1483,Phay rà mặt quy lát,50000,0,0,33
A1484,Phay rà mặt quy lát,50000,0,0,18
A1485,Phay rà mặt quy lát,50000,0,0,44
A1486,Phay rà mặt quy lát,50000,0,0,45
A1487,Pha đèn,50000,0,180000,5
A1488,Pha đèn,50000,0,195000,4
A1489,Pha đèn,50000,0,580000,39
A1490,Pha đèn,50000,0,,38
A1491,Pha đèn,50000,0,680000,40
A1492,Pha đèn,50000,0,420000,42
A1493,Pha đèn,50000,0,595000,13
A1494,Pha đèn,50000,0,345000,11
A1495,Pha đèn,50000,0,,12
A1496,Pha đèn,50000,0,,14
A1497,Pha đèn,50000,0,,17
A1498,Pha đèn,50000,0,,30
A1499,Pha đèn,50000,0,,31
A1500,Pha đèn,50000,0,850000,8
A1501,Pha đèn,50000,0,950000,9
A1502,Pha đèn,50000,0,,36
A1503,Pha đèn,50000,0,,6
A1504,Ổ khóa không từ,50000,0,2200000,29
A1505,Ổ khóa không từ,50000,0,,25
A1506,Ổ khóa không từ,50000,0,850000,34
A1507,Ổ khóa không từ,50000,0,,35
A1508,Ổ khóa không từ,50000,0,,28
A1509,Ổ khóa không từ,50000,0,,18
A1510,Ổ khóa không từ,50000,0,,37
A1511,Ổ khóa không từ,50000,0,,21
A1512,Ổ khóa không từ,50000,0,,22
A1513,Ổ khóa không từ,50000,0,,20
A1514,Ổ khóa không từ,50000,0,,32
A1515,Ổ khóa không từ,50000,0,,10
A1516,Ổ khóa không từ,50000,0,,2
A1517,Ổ khóa không từ,50000,0,,27
A1518,Ổ khóa không từ,50000,0,,15
A1519,Ổ khóa không từ,50000,0,,1
A1520,Ổ khóa có từ,50000,0,,29
A1521,Ổ khóa có từ,50000,0,130000,25
A1522,Ổ khóa có từ,50000,0,,34
A1523,Ổ khóa có từ,50000,0,,35
A1524,Ổ khóa có từ,50000,0,,28
A1525,Ổ khóa có từ,50000,0,,18
A1526,Ổ khóa có từ,50000,0,,37
A1527,Ổ khóa có từ,50000,0,,21
A1528,Ổ khóa có từ,50000,0,,22
A1529,Ổ khóa có từ,50000,0,,20
A1530,Ổ khóa có từ,50000,0,,32
A1531,Ổ khóa có từ,50000,0,,10
A1532,Ổ khóa có từ,50000,0,,2
A1533,Ổ khóa có từ,50000,0,,27
A1534,Ổ khóa có từ,50000,0,,15
A1535,Ổ khóa có từ,50000,0,,1
A1536,Ổ khóa,50000,0,180000,5
A1537,Ổ khóa,50000,0,180000,4
A1538,Ổ khóa,50000,0,520000,39
A1539,Ổ khóa,50000,0,520000,38
A1540,Ổ khóa,50000,0,520000,40
A1541,Ổ khóa,50000,0,220000,42
A1542,Ổ khóa,50000,0,,13
A1543,Ổ khóa,50000,0,,11
A1544,Ổ khóa,50000,0,,12
A1545,Ổ khóa,50000,0,,14
A1546,Ổ khóa,50000,0,,17
A1547,Ổ khóa,50000,0,,30
A1548,Ổ khóa,50000,0,,31
A1549,Ổ khóa,50000,0,,8
A1550,Ổ khóa,50000,0,,9
A1551,Ổ khóa,50000,0,,36
A1552,Ổ khóa,50000,0,180000,6
A1553,Nhông xích,50000,0,275000,5
A1554,Nhông xích,50000,0,275000,4
A1555,Nhông xích,50000,0,295000,39
A1556,Nhông xích,50000,0,295000,38
A1557,Nhông xích,50000,0,295000,40
A1558,Nhông xích,50000,0,295000,42
A1559,Nhông xích,50000,0,295000,13
A1560,Nhông xích,50000,0,295000,11
A1561,Nhông xích,50000,0,295000,12
A1562,Nhông xích,50000,0,295000,14
A1563,Nhông xích,50000,0,295000,17
A1564,Nhông xích,50000,0,295000,30
A1565,Nhông xích,50000,0,295000,31
A1566,Nhông xích,50000,0,335000,8
A1567,Nhông xích,50000,0,385000,9
A1568,Nhông xích,50000,0,335000,36
A1569,Nhông xích,50000,0,275000,6
A1570,Nhông xích,50000,0,485000,7
A1571,Nước mát,50000,0,180000,43
A1572,Nắn khung XS,50000,0,480000,46
A1573,Nắn khung XG,50000,0,820000,43
A1574,Nắn càng XS,50000,0,80000,46
A1575,Nắn càng XG,50000,0,90000,43
A1576,Mô bin SH-PS,50000,0,950000,29
A1577,Mô bin,50000,0,520000,34
A1578,Mô bin,50000,0,520000,35
A1579,Mô bin,50000,0,520000,28
A1580,Mô bin,50000,0,520000,18
A1581,Mô bin,50000,0,520000,3
A1582,Mô bin,50000,0,680000,37
A1583,Mô bin,50000,0,680000,21
A1584,Mô bin,50000,0,520000,22
A1585,Mô bin,50000,0,520000,20
A1586,Mô bin,50000,0,520000,32
A1587,Mô bin,50000,0,520000,10
A1588,Mô bin,50000,0,520000,2
A1589,Mô bin,50000,0,520000,27
A1590,Mô bin,50000,0,520000,15
A1591,Mô bin,50000,0,520000,24
A1592,Mô bin,50000,0,520000,23
A1593,Mô bin,50000,0,520000,26
A1594,Mô bin,50000,0,520000,1
A1595,Mặt nạ trước,50000,0,435000,38
A1596,Mài cam cò,50000,0,180000,29
A1597,Mài cam cò,50000,0,120000,25
A1598,Mài cam cò,50000,0,120000,33
A1599,Mài cam cò,50000,0,120000,18
A1600,Mài cam cò,50000,0,40000,13
A1601,Mài cam cò,50000,0,120000,44
A1602,Mài cam cò,50000,0,120000,45
A1603,Mài cam cò,50000,0,40000,47
A1604,Mài cam cò,50000,0,20000,48
A1605,Má phanh trước,50000,0,165000,25
A1606,Má phanh trước,50000,0,125000,7
A1607,Má phanh sau,50000,0,220000,25
A1608,Má phanh sau,50000,0,155000,7
A1609,Má phanh đĩa ,50000,0,155000,29
A1610,Má phanh đĩa ,50000,0,,34
A1611,Má phanh đĩa ,50000,0,95000,35
A1612,Má phanh đĩa ,50000,0,145000,28
A1613,Má phanh đĩa ,50000,0,145000,18
A1614,Má phanh đĩa ,50000,0,115000,3
A1615,Má phanh đĩa ,50000,0,145000,37
A1616,Má phanh đĩa ,50000,0,145000,21
A1617,Má phanh đĩa ,50000,0,145000,22
A1618,Má phanh đĩa ,50000,0,145000,20
A1619,Má phanh đĩa ,50000,0,145000,32
A1620,Má phanh đĩa ,50000,0,145000,10
A1621,Má phanh đĩa ,50000,0,145000,2
A1622,Má phanh đĩa ,50000,0,145000,27
A1623,Má phanh đĩa ,50000,0,95000,15
A1624,Má phanh đĩa ,50000,0,145000,24
A1625,Má phanh đĩa ,50000,0,145000,23
A1626,Má phanh đĩa ,50000,0,145000,26
A1627,Má phanh đĩa ,50000,0,95000,1
A1628,Má phanh cơ,50000,0,220000,29
A1629,Má phanh cơ,50000,0,220000,34
A1630,Má phanh cơ,50000,0,180000,35
A1631,Má phanh cơ,50000,0,220000,28
A1632,Má phanh cơ,50000,0,220000,18
A1633,Má phanh cơ,50000,0,180000,3
A1634,Má phanh cơ,50000,0,220000,37
A1635,Má phanh cơ,50000,0,240000,21
A1636,Má phanh cơ,50000,0,240000,22
A1637,Má phanh cơ,50000,0,240000,20
A1638,Má phanh cơ,50000,0,250000,32
A1639,Má phanh cơ,50000,0,180000,10
A1640,Má phanh cơ,50000,0,165000,2
A1641,Má phanh cơ,50000,0,180000,27
A1642,Má phanh cơ,50000,0,220000,15
A1643,Má phanh cơ,50000,0,,24
A1644,Má phanh cơ,50000,0,220000,23
A1645,Má phanh cơ,50000,0,250000,26
A1646,Má phanh cơ,50000,0,180000,1
A1647,Má đĩa,50000,0,65000,5
A1648,Má đĩa,50000,0,0,4
A1649,Má đĩa,50000,0,65000,39
A1650,Má đĩa,50000,0,85000,38
A1651,Má đĩa,50000,0,95000,40
A1652,Má đĩa,50000,0,95000,42
A1653,Má đĩa,50000,0,95000,13
A1654,Má đĩa,50000,0,0,11
A1655,Má đĩa,50000,0,95000,12
A1656,Má đĩa,50000,0,,14
A1657,Má đĩa,50000,0,75000,17
A1658,Má đĩa,50000,0,75000,30
A1659,Má đĩa,50000,0,75000,31
A1660,Má đĩa,50000,0,125000,8
A1661,Má đĩa,50000,0,145000,9
A1662,Má đĩa,50000,0,125000,36
A1663,Má đĩa,50000,0,0,6
A1664,Má cơ,50000,0,65000,5
A1665,Má cơ,50000,0,65000,4
A1666,Má cơ,50000,0,65000,39
A1667,Má cơ,50000,0,65000,38
A1668,Má cơ,50000,0,65000,40
A1669,Má cơ,50000,0,65000,42
A1670,Má cơ,50000,0,65000,13
A1671,Má cơ,50000,0,65000,11
A1672,Má cơ,50000,0,65000,12
A1673,Má cơ,50000,0,65000,14
A1674,Má cơ,50000,0,140000,17
A1675,Má cơ,50000,0,140000,30
A1676,Má cơ,50000,0,140000,31
A1677,Má cơ,50000,0,140000,8
A1678,Má cơ,50000,0,140000,9
A1679,Má cơ,50000,0,140000,36
A1680,Má cơ,50000,0,65000,6
A1681,Lốp trước 90/90 - 12,50000,0,480000,18
A1682,Lốp trước 80/90-14,50000,0,315000,20
A1683,Lốp trước 80/90 - 14,50000,0,365000,35
A1684,Lốp trước 80/90 - 14,50000,0,365000,1
A1685,Lốp trước 80/80-14,50000,0,435000,37
A1686,Lốp trước 70/90-17,50000,0,295000,39
A1687,Lốp trước 70/90-17,50000,0,295000,38
A1688,Lốp trước 70/90-17,50000,0,315000,40
A1689,Lốp trước 70/90-17,50000,0,315000,13
A1690,Lốp trước 70/90-17,50000,0,285000,30
A1691,Lốp trước 70/90-17,50000,0,325000,8
A1692,Lốp trước 70/90-17,50000,0,580000,9
A1693,Lốp trước 70/90-17,50000,0,285000,36
A1694,Lốp trước 70/90-16   ( k săm ),50000,0,385000,22
A1695,Lốp trước 70/90-14,50000,0,335000,3
A1696,Lốp trước 225-17 = dream việt,50000,0,265000,42
A1697,Lốp trước 225 - 17,50000,0,255000,5
A1698,Lốp trước 225 - 17,50000,0,255000,4
A1699,Lốp trước 225 - 17,50000,0,255000,6
A1700,Lốp trước 100/90-12,50000,0,580000,32
A1701,Lốp trước 100/90-10,50000,0,450000,2
A1702,Lốp trước 100/90 - 12,50000,0,480000,28
A1703,Lốp trước 100/90 - 10,50000,0,475000,34
A1704,Lốp trước 100/80 - 16,50000,0,950000,29
A1705,Lốp trước = lốp Sirius,50000,0,,17
A1706,Lốp trước,50000,0,465000,21
A1707,Lốp trước,50000,0,,10
A1708,Lốp trước,50000,0,480000,27
A1709,Lốp trước,50000,0,,15
A1710,Lốp trước,50000,0,,11
A1711,Lốp trước,50000,0,,12
A1712,Lốp trước,50000,0,,14
A1713,Lốp trước,50000,0,,31
A1714,Lốp sau 90/90-14,50000,0,465000,37
A1715,Lốp sau 90/90-14,50000,0,345000,20
A1716,Lốp sau 90/90 - 14,50000,0,490000,28
A1717,Lốp sau 90/90 - 14,50000,0,385000,1
A1718,Lốp sau 90/90 - 10,50000,0,385000,35
A1719,Lốp sau 80/90-17,50000,0,315000,39
A1720,Lốp sau 80/90-17,50000,0,315000,38
A1721,Lốp sau 80/90-17,50000,0,325000,40
A1722,Lốp sau 80/90-17,50000,0,315000,13
A1723,Lốp sau 80/90-17,50000,0,315000,30
A1724,Lốp sau 80/90-17,50000,0,365000,8
A1725,Lốp sau 80/90-17,50000,0,325000,36
A1726,Lốp sau 80/90-16 ( k săm),50000,0,435000,22
A1727,Lốp sau 80/90-14,50000,0,360000,3
A1728,Lốp sau 250-17 = dream việt,50000,0,295000,42
A1729,Lốp sau 250 - 17,50000,0,285000,5
A1730,Lốp sau 250 - 17,50000,0,285000,4
A1731,Lốp sau 250 - 17,50000,0,285000,6
A1732,Lốp sau 120/90-12,50000,0,580000,32
A1733,Lốp sau 120/80 - 16,50000,0,1150000,29
A1734,Lốp sau 100/90-10,50000,0,450000,2
A1735,Lốp sau 100/90 - 10,50000,0,475000,34
A1736,Lốp sau 100/90 - 10,50000,0,465000,18
A1737,Lốp sau 100/70-17,50000,0,680000,9
A1738,Lốp sau = lốp Sirius,50000,0,,17
A1739,Lốp sau,50000,0,465000,21
A1740,Lốp sau,50000,0,,10
A1741,Lốp sau,50000,0,480000,27
A1742,Lốp sau,50000,0,480000,15
A1743,Lốp sau,50000,0,,11
A1744,Lốp sau,50000,0,,12
A1745,Lốp sau,50000,0,,14
A1746,Lốp sau,50000,0,,31
A1747,Lọc gió,50000,0,185000,29
A1748,Lọc gió,50000,0,180000,25
A1749,Lọc gió,50000,0,115000,34
A1750,Lọc gió,50000,0,115000,35
A1751,Lọc gió,50000,0,115000,28
A1752,Lọc gió,50000,0,115000,18
A1753,Lọc gió,50000,0,115000,3
A1754,Lọc gió,50000,0,165000,37
A1755,Lọc gió,50000,0,165000,21
A1756,Lọc gió,50000,0,115000,22
A1757,Lọc gió,50000,0,115000,20
A1758,Lọc gió,50000,0,145000,32
A1759,Lọc gió,50000,0,115000,10
A1760,Lọc gió,50000,0,115000,2
A1761,Lọc gió,50000,0,140000,27
A1762,Lọc gió,50000,0,160000,15
A1763,Lọc gió,50000,0,160000,24
A1764,Lọc gió,50000,0,180000,23
A1765,Lọc gió,50000,0,160000,26
A1766,Lọc gió,50000,0,45000,5
A1767,Lọc gió,50000,0,45000,4
A1768,Lọc gió,50000,0,85000,39
A1769,Lọc gió,50000,0,85000,38
A1770,Lọc gió,50000,0,85000,40
A1771,Lọc gió,50000,0,55000,42
A1772,Lọc gió,50000,0,45000,13
A1773,Lọc gió,50000,0,45000,11
A1774,Lọc gió,50000,0,45000,12
A1775,Lọc gió,50000,0,95000,14
A1776,Lọc gió,50000,0,95000,17
A1777,Lọc gió,50000,0,95000,30
A1778,Lọc gió,50000,0,95000,31
A1779,Lọc gió,50000,0,115000,8
A1780,Lọc gió,50000,0,115000,9
A1781,Lọc gió,50000,0,,36
A1782,Lọc gió,50000,0,,6
A1783,Lọc gió,50000,0,115000,1
A1784,Lọc dầu to,50000,0,120000,19
A1785,Lọc dầu nhỏ,50000,0,45000,19
A1786,Le nhiệt,50000,0,850000,29
A1787,Le nhiệt,50000,0,0,34
A1788,Le nhiệt,50000,0,0,35
A1789,Le nhiệt,50000,0,680000,28
A1790,Le nhiệt,50000,0,680000,18
A1791,Le nhiệt,50000,0,680000,3
A1792,Le nhiệt,50000,0,850000,37
A1793,Le nhiệt,50000,0,420000,21
A1794,Le nhiệt,50000,0,420000,22
A1795,Le nhiệt,50000,0,420000,20
A1796,Le nhiệt,50000,0,420000,32
A1797,Le nhiệt,50000,0,0,10
A1798,Le nhiệt,50000,0,0,2
A1799,Le nhiệt,50000,0,0,27
A1800,Le nhiệt,50000,0,850000,15
A1801,Le nhiệt,50000,0,420000,24
A1802,Le nhiệt,50000,0,420000,23
A1803,Le nhiệt,50000,0,680000,26
A1804,Le nhiệt,50000,0,0,1
A1805,Láng bát côn,50000,0,95000,13
A1806,Láng bát côn,50000,0,95000,47
A1807,Láng bát côn,50000,0,95000,48
A1808,Khuyến mại phụ tùng 10%,50000,0,,19
A1809,Khóa xăng,50000,0,480000,29
A1810,Khóa xăng,50000,0,580000,25
A1811,Khóa xăng,50000,0,420000,34
A1812,Khóa xăng,50000,0,420000,35
A1813,Khóa xăng,50000,0,420000,28
A1814,Khóa xăng,50000,0,420000,18
A1815,Khóa xăng,50000,0,420000,37
A1816,Khóa xăng,50000,0,420000,21
A1817,Khóa xăng,50000,0,420000,22
A1818,Khóa xăng,50000,0,420000,20
A1819,Khóa xăng,50000,0,420000,32
A1820,Khóa xăng,50000,0,420000,10
A1821,Khóa xăng,50000,0,420000,2
A1822,Khóa xăng,50000,0,420000,27
A1823,Khóa xăng,50000,0,420000,15
A1824,Khóa xăng,50000,0,,4
A1825,Khóa xăng,50000,0,,39
A1826,Khóa xăng,50000,0,,38
A1827,Khóa xăng,50000,0,,40
A1828,Khóa xăng,50000,0,,42
A1829,Khóa xăng,50000,0,,13
A1830,Khóa xăng,50000,0,,11
A1831,Khóa xăng,50000,0,,12
A1832,Khóa xăng,50000,0,,14
A1833,Khóa xăng,50000,0,,17
A1834,Khóa xăng,50000,0, ,30
A1835,Khóa xăng,50000,0,,31
A1836,Khóa xăng,50000,0,,8
A1837,Khóa xăng,50000,0,,9
A1838,Khóa xăng,50000,0,,36
A1839,Khóa xăng,50000,0,,6
A1840,Khóa xăng,50000,0,420000,1
A1841,Khoá xăng,50000,0,,5
A1842,Khóa chống trộm,50000,0,1150000,29
A1843,Khóa chống trộm,50000,0,1150000,25
A1844,Khóa chống trộm,50000,0,1150000,34
A1845,Khóa chống trộm,50000,0,1150000,35
A1846,Khóa chống trộm,50000,0,1150000,28
A1847,Khóa chống trộm,50000,0,1150000,18
A1848,Khóa chống trộm,50000,0,1150000,3
A1849,Khóa chống trộm,50000,0,1150000,37
A1850,Khóa chống trộm,50000,0,1150000,21
A1851,Khóa chống trộm,50000,0,1150000,22
A1852,Khóa chống trộm,50000,0,1150000,20
A1853,Khóa chống trộm,50000,0,1150000,32
A1854,Khóa chống trộm,50000,0,1150000,10
A1855,Khóa chống trộm,50000,0,1150000,2
A1856,Khóa chống trộm,50000,0,1150000,27
A1857,Khóa chống trộm,50000,0,1150000,15
A1858,Khóa chống trộm,50000,0,1150000,24
A1859,Khóa chống trộm,50000,0,1150000,1
A1860,Khóa càng,50000,0,,29
A1861,Khóa càng,50000,0,,25
A1862,Khóa càng,50000,0,,34
A1863,Khóa càng,50000,0,,35
A1864,Khóa càng,50000,0,550000,28
A1865,Khóa càng,50000,0,550000,18
A1866,Khóa càng,50000,0,,3
A1867,Khóa càng,50000,0,,37
A1868,Khóa càng,50000,0,,21
A1869,Khóa càng,50000,0,,22
A1870,Khóa càng,50000,0,,20
A1871,Khóa càng,50000,0,,32
A1872,Khóa càng,50000,0,,10
A1873,Khóa càng,50000,0,,2
A1874,Khóa càng,50000,0,,27
A1875,Khóa càng,50000,0,,15
A1876,Khóa càng,50000,0,,24
A1877,Khóa càng,50000,0,,1
A1878,Khóa 6 cạnh,50000,0,285000,5
A1879,Khóa 4 cạnh,50000,0,225000,5
A1880,Khóa 2 cạnh,50000,0,185000,5
A1881,IC,50000,0,3200000,18
A1882,IC,50000,0,380000,5
A1883,IC,50000,0,380000,4
A1884,IC,50000,0,,39
A1885,IC,50000,0,,38
A1886,IC,50000,0,,40
A1887,IC,50000,0,380000,42
A1888,IC,50000,0,,13
A1889,IC,50000,0,380000,11
A1890,IC,50000,0,,12
A1891,IC,50000,0,620000,14
A1892,IC,50000,0,620000,17
A1893,IC,50000,0,480000,30
A1894,IC,50000,0,620000,31
A1895,IC,50000,0,980000,8
A1896,IC,50000,0,980000,9
A1897,IC,50000,0,,36
A1898,IC,50000,0, ,6
A1899,Hai Sup pap,50000,0,850000,29
A1900,Hai Sup pap,50000,0,850000,25
A1901,Hai Sup pap,50000,0,480000,33
A1902,Hai Sup pap,50000,0,480000,18
A1903,Hai Sup pap,50000,0,480000,44
A1904,Hai Sup pap,50000,0,480000,45
A1905,Hai phớt gít,50000,0,160000,23
A1906,Hai phớt gít,50000,0,240000,1
A1907,Giảm sóc sau,50000,0,,5
A1908,Giảm sóc sau,50000,0,,4
A1909,Giảm sóc sau,50000,0,,39
A1910,Giảm sóc sau,50000,0,,38
A1911,Giảm sóc sau,50000,0,,40
A1912,Giảm sóc sau,50000,0,,42
A1913,Giảm sóc sau,50000,0,,13
A1914,Giảm sóc sau,50000,0,,11
A1915,Giảm sóc sau,50000,0,,12
A1916,Giảm sóc sau,50000,0,,14
A1917,Giảm sóc sau,50000,0,,17
A1918,Giảm sóc sau,50000,0,,30
A1919,Giảm sóc sau,50000,0,,31
A1920,Giảm sóc sau,50000,0,,8
A1921,Giảm sóc sau,50000,0,,9
A1922,Giảm sóc sau,50000,0,,36
A1923,Giảm sóc sau,50000,0,,6
A1924,Giảm giật bánh sau,50000,0,75000,5
A1925,Giảm giật bánh sau,50000,0,75000,4
A1926,Giảm giật bánh sau,50000,0,75000,39
A1927,Giảm giật bánh sau,50000,0,75000,38
A1928,Giảm giật bánh sau,50000,0,75000,40
A1929,Giảm giật bánh sau,50000,0,75000,42
A1930,Giảm giật bánh sau,50000,0,75000,13
A1931,Giảm giật bánh sau,50000,0,75000,13
A1932,Giảm giật bánh sau,50000,0,75000,11
A1933,Giảm giật bánh sau,50000,0,75000,12
A1934,Giảm giật bánh sau,50000,0,85000,14
A1935,Giảm giật bánh sau,50000,0,85000,17
A1936,Giảm giật bánh sau,50000,0,85000,30
A1937,Giảm giật bánh sau,50000,0,85000,31
A1938,Giảm giật bánh sau,50000,0,85000,8
A1939,Giảm giật bánh sau,50000,0,85000,9
A1940,Giảm giật bánh sau,50000,0,85000,36
A1941,Giảm giật bánh sau,50000,0,65000,6
A1942,Giảm giật bánh sau,50000,0,75000,47
A1943,Giảm giật bánh sau,50000,0,75000,48
A1944,Già vét bẹ xe,50000,0,120000,23
A1945,Gương XS,50000,0,60000,46
A1946,Gương,50000,0,,29
A1947,Gương,50000,0,,25
A1948,Gương,50000,0,,34
A1949,Gương,50000,0,,35
A1950,Gương,50000,0,280000,28
A1951,Gương,50000,0,280000,18
A1952,Gương,50000,0,280000,3
A1953,Gương,50000,0,320000,37
A1954,Gương,50000,0,280000,21
A1955,Gương,50000,0,280000,22
A1956,Gương,50000,0,,20
A1957,Gương,50000,0,,32
A1958,Gương,50000,0,,10
A1959,Gương,50000,0,320000,2
A1960,Gương,50000,0,280000,27
A1961,Gương,50000,0,280000,15
A1962,Gương,50000,0,,24
A1963,Gương,50000,0,280000,1
A1964,Ép vành nan,50000,0,50000,19
A1965,Ép vành đúc YA, XG,50000,0,250000,49
A1966,Ép vành đúc HĐ,50000,0,200000,16
A1967,Ép biên ,50000,0,1200000,29
A1968,Ép biên ,50000,0,920000,25
A1969,Ép biên ,50000,0,860000,33
A1970,Ép biên ,50000,0,860000,18
A1971,Ép biên ,50000,0,420000,13
A1972,Ép biên ,50000,0,860000,44
A1973,Ép biên ,50000,0,860000,45
A1974,Ép biên ,50000,0,320000,47
A1975,Ép biên ,50000,0,380000,48
A1976,Ép biển,50000,0,80000,19
A1977,Đui đèn,50000,0,45000,5
A1978,Đôi nấm,50000,0,240000,48
A1979,Đôi nắp xin nhan,50000,0,120000,5
A1980,Đóng thay giảm giật côn,50000,0,445000,7
A1981,Đóng nòng,50000,0,980000,29
A1982,Đóng nòng,50000,0,860000,25
A1983,Đóng nòng,50000,0,750000,33
A1984,Đóng nòng,50000,0,750000,18
A1985,Đóng nòng,50000,0,750000,44
A1986,Đóng nòng,50000,0,750000,45
A1987,Đóng lại giảm giật,50000,0,145000,13
A1988,Đóng lại giảm giật,50000,0,145000,47
A1989,Đóng lại giảm giật,50000,0,145000,48
A1990,Đóng ca phanh sau,50000,0,145000,38
A1991,Đóng ca bi,50000,0,80000,38
A1992,Điot sạc,50000,0,280000,5
A1993,Điot sạc,50000,0,280000,4
A1994,Điot sạc,50000,0,280000,39
A1995,Điot sạc,50000,0,280000,38
A1996,Điot sạc,50000,0,280000,40
A1997,Điot sạc,50000,0,280000,42
A1998,Điot sạc,50000,0,,13
A1999,Điot sạc,50000,0,280000,11
A2000,Điot sạc,50000,0,,12
A2001,Điot sạc,50000,0,380000,14
A2002,Điot sạc,50000,0,380000,17
A2003,Điot sạc,50000,0,380000,30
A2004,Điot sạc,50000,0,380000,31
A2005,Điot sạc,50000,0,380000,8
A2006,Điot sạc,50000,0,380000,9
A2007,Điot sạc,50000,0,380000,36
A2008,Điot sạc,50000,0,280000,6
A2009,Đĩa SH-PS,50000,0,750000,29
A2010,Đĩa phanh,50000,0,460000,9
A2011,Đĩa,50000,0,680000,25
A2012,Đĩa,50000,0,520000,34
A2013,Đĩa,50000,0,380000,35
A2014,Đĩa,50000,0,420000,28
A2015,Đĩa,50000,0,420000,18
A2016,Đĩa,50000,0,520000,37
A2017,Đĩa,50000,0,420000,21
A2018,Đĩa,50000,0,420000,22
A2019,Đĩa,50000,0,420000,20
A2020,Đĩa,50000,0,420000,32
A2021,Đĩa,50000,0,420000,10
A2022,Đĩa,50000,0,420000,2
A2023,Đĩa,50000,0,520000,27
A2024,Đĩa,50000,0,580000,15
A2025,Đĩa,50000,0,420000,1
A2026,Để chân trước,50000,0,75000,5
A2027,Để chân sau,50000,0,95000,5
A2028,Doong láp,50000,0,120000,29
A2029,Doong láp,50000,0,160000,25
A2030,Doong láp,50000,0,140000,34
A2031,Doong láp,50000,0,140000,35
A2032,Doong láp,50000,0,140000,28
A2033,Doong láp,50000,0,140000,18
A2034,Doong láp,50000,0,140000,37
A2035,Doong láp,50000,0,140000,21
A2036,Doong láp,50000,0,140000,22
A2037,Doong láp,50000,0,140000,20
A2038,Doong láp,50000,0,140000,32
A2039,Doong láp,50000,0,140000,10
A2040,Doong láp,50000,0,140000,2
A2041,Doong láp,50000,0,140000,27
A2042,Doong láp,50000,0,140000,15
A2043,Doong láp,50000,0,140000,1
A2044,Doong đầu,50000,0,320000,29
A2045,Doong đầu,50000,0,280000,25
A2046,Doong đầu,50000,0,180000,33
A2047,Doong đầu,50000,0,180000,18
A2048,Doong đầu,50000,0,180000,44
A2049,Doong đầu,50000,0,180000,45
A2050,Doong đầu,50000,0,120000,48
A2051,Doong côn,50000,0,30000,47
A2052,Dóng nòng,50000,0,315000,13
A2053,Dóng nòng,50000,0,750000,1
A2054,Dóng nòng,50000,0,315000,47
A2055,Dóng nòng,50000,0,385000,48
A2056,Doa đánh bóng nòng,50000,0,350000,29
A2057,Doa đánh bóng nòng,50000,0,350000,25
A2058,Doa đánh bóng nòng,50000,0,320000,33
A2059,Doa đánh bóng nòng,50000,0,320000,18
A2060,Doa đánh bóng nòng,50000,0,215000,13
A2061,Doa đánh bóng nòng,50000,0,320000,44
A2062,Doa đánh bóng nòng,50000,0,320000,45
A2063,Doa đánh bóng nòng,50000,0,215000,47
A2064,Doa đánh bóng nòng,50000,0,215000,48
A2065,Dịch vụ sửa chữa khác,50000,0,,19
A2066,Dây phun xăng điện tử,50000,0,1450000,29
A2067,Dây phun xăng điện tử,50000,0,980000,25
A2068,Dây phun xăng điện tử,50000,0,0,34
A2069,Dây phun xăng điện tử,50000,0,0,35
A2070,Dây phun xăng điện tử,50000,0,460000,28
A2071,Dây phun xăng điện tử,50000,0,460000,18
A2072,Dây phun xăng điện tử,50000,0,530000,37
A2073,Dây phun xăng điện tử,50000,0,0,21
A2074,Dây phun xăng điện tử,50000,0,0,22
A2075,Dây phun xăng điện tử,50000,0,0,20
A2076,Dây phun xăng điện tử,50000,0,,32
A2077,Dây phun xăng điện tử,50000,0,0,10
A2078,Dây phun xăng điện tử,50000,0,480000,2
A2079,Dây phun xăng điện tử,50000,0,0,27
A2080,Dây phun xăng điện tử,50000,0,0,15
A2081,Dây phun xăng điện tử,50000,0,480000,1
A2082,Dây phanh,50000,0,320000,29
A2083,Dây phanh,50000,0,360000,25
A2084,Dây phanh,50000,0,280000,34
A2085,Dây phanh,50000,0,280000,35
A2086,Dây phanh,50000,0,280000,28
A2087,Dây phanh,50000,0,280000,18
A2088,Dây phanh,50000,0,280000,37
A2089,Dây phanh,50000,0,280000,21
A2090,Dây phanh,50000,0,280000,22
A2091,Dây phanh,50000,0,280000,20
A2092,Dây phanh,50000,0,280000,32
A2093,Dây phanh,50000,0,280000,10
A2094,Dây phanh,50000,0,280000,2
A2095,Dây phanh,50000,0,280000,27
A2096,Dây phanh,50000,0,280000,15
A2097,Dây phanh,50000,0,65000,5
A2098,Dây phanh,50000,0,65000,4
A2099,Dây phanh,50000,0,65000,39
A2100,Dây phanh,50000,0,65000,38
A2101,Dây phanh,50000,0,65000,40
A2102,Dây phanh,50000,0,65000,42
A2103,Dây phanh,50000,0,65000,13
A2104,Dây phanh,50000,0,65000,11
A2105,Dây phanh,50000,0,65000,12
A2106,Dây phanh,50000,0,65000,14
A2107,Dây phanh,50000,0,65000,17
A2108,Dây phanh,50000,0,65000,30
A2109,Dây phanh,50000,0,,31
A2110,Dây phanh,50000,0,,8
A2111,Dây phanh,50000,0,,9
A2112,Dây phanh,50000,0,,36
A2113,Dây phanh,50000,0,,6
A2114,Dây phanh,50000,0,280000,1
A2115,Dây mở khóa cốp SH-PS,50000,0,480000,29
A2116,Dây mở khóa cốp,50000,0,220000,25
A2117,Dây mở khóa cốp,50000,0,145000,34
A2118,Dây mở khóa cốp,50000,0,120000,35
A2119,Dây mở khóa cốp,50000,0,460000,28
A2120,Dây mở khóa cốp,50000,0,460000,18
A2121,Dây mở khóa cốp,50000,0,460000,37
A2122,Dây mở khóa cốp,50000,0,460000,21
A2123,Dây mở khóa cốp,50000,0,320000,22
A2124,Dây mở khóa cốp,50000,0,320000,20
A2125,Dây mở khóa cốp,50000,0,460000,32
A2126,Dây mở khóa cốp,50000,0,460000,10
A2127,Dây mở khóa cốp,50000,0,320000,2
A2128,Dây mở khóa cốp,50000,0,460000,27
A2129,Dây mở khóa cốp,50000,0,460000,15
A2130,Dây mở khóa cốp,50000,0,460000,1
A2131,Dây le,50000,0,0,29
A2132,Dây le,50000,0,0,25
A2133,Dây le,50000,0,0,34
A2134,Dây le,50000,0,0,35
A2135,Dây le,50000,0,0,28
A2136,Dây le,50000,0,0,18
A2137,Dây le,50000,0,0,37
A2138,Dây le,50000,0,0,21
A2139,Dây le,50000,0,180000,22
A2140,Dây le,50000,0,0,20
A2141,Dây le,50000,0,0,32
A2142,Dây le,50000,0,0,10
A2143,Dây le,50000,0,0,2
A2144,Dây le,50000,0,0,27
A2145,Dây le,50000,0,0,15
A2146,Dây le,50000,0,0,1
A2147,Dây ga,50000,0,320000,29
A2148,Dây ga,50000,0,380000,25
A2149,Dây ga,50000,0,220000,34
A2150,Dây ga,50000,0,220000,35
A2151,Dây ga,50000,0,220000,28
A2152,Dây ga,50000,0,220000,18
A2153,Dây ga,50000,0,220000,37
A2154,Dây ga,50000,0,220000,21
A2155,Dây ga,50000,0,220000,22
A2156,Dây ga,50000,0,220000,20
A2157,Dây ga,50000,0,220000,32
A2158,Dây ga,50000,0,220000,10
A2159,Dây ga,50000,0,220000,2
A2160,Dây ga,50000,0,220000,27
A2161,Dây ga,50000,0,280000,15
A2162,Dây Ga,50000,0,55000,5
A2163,Dây Ga,50000,0,55000,4
A2164,Dây Ga,50000,0,65000,39
A2165,Dây Ga,50000,0,65000,38
A2166,Dây Ga,50000,0,65000,40
A2167,Dây Ga,50000,0,65000,42
A2168,Dây Ga,50000,0,65000,13
A2169,Dây Ga,50000,0,65000,11
A2170,Dây Ga,50000,0,65000,12
A2171,Dây Ga,50000,0,65000,14
A2172,Dây Ga,50000,0,65000,17
A2173,Dây Ga,50000,0,65000,30
A2174,Dây Ga,50000,0,,31
A2175,Dây Ga,50000,0,,8
A2176,Dây Ga,50000,0,,9
A2177,Dây Ga,50000,0,,36
A2178,Dây Ga,50000,0,55000,6
A2179,Dây ga,50000,0,220000,1
A2180,Dây dẫn xăng,50000,0,160000,29
A2181,Dây dẫn xăng,50000,0,160000,25
A2182,Dây dẫn xăng,50000,0,160000,34
A2183,Dây dẫn xăng,50000,0,160000,35
A2184,Dây dẫn xăng,50000,0,160000,28
A2185,Dây dẫn xăng,50000,0,160000,18
A2186,Dây dẫn xăng,50000,0,160000,37
A2187,Dây dẫn xăng,50000,0,160000,21
A2188,Dây dẫn xăng,50000,0,160000,22
A2189,Dây dẫn xăng,50000,0,160000,20
A2190,Dây dẫn xăng,50000,0,160000,32
A2191,Dây dẫn xăng,50000,0,160000,10
A2192,Dây dẫn xăng,50000,0,160000,2
A2193,Dây dẫn xăng,50000,0,160000,27
A2194,Dây dẫn xăng,50000,0,160000,15
A2195,Dây dẫn xăng,50000,0,160000,1
A2196,Dây curoa,50000,0,1350000,29
A2197,Dây curoa,50000,0,980000,25
A2198,Dây curoa,50000,0,580000,34
A2199,Dây curoa,50000,0,480000,35
A2200,Dây curoa,50000,0,480000,28
A2201,Dây curoa,50000,0,480000,18
A2202,Dây curoa,50000,0,520000,37
A2203,Dây curoa,50000,0,520000,21
A2204,Dây curoa,50000,0,460000,22
A2205,Dây curoa,50000,0,460000,20
A2206,Dây curoa,50000,0,480000,32
A2207,Dây curoa,50000,0,480000,10
A2208,Dây curoa,50000,0,480000,2
A2209,Dây curoa,50000,0,460000,27
A2210,Dây curoa,50000,0,480000,15
A2211,Dây curoa,50000,0,520000,1
A2212,Dây công tơ mét,50000,0,55000,5
A2213,Dây công tơ mét,50000,0,55000,4
A2214,Dây công tơ mét,50000,0,65000,39
A2215,Dây công tơ mét,50000,0,65000,38
A2216,Dây công tơ mét,50000,0,65000,40
A2217,Dây công tơ mét,50000,0,65000,42
A2218,Dây công tơ mét,50000,0,65000,13
A2219,Dây công tơ mét,50000,0,65000,11
A2220,Dây công tơ mét,50000,0,65000,12
A2221,Dây công tơ mét,50000,0,65000,14
A2222,Dây công tơ mét,50000,0,65000,17
A2223,Dây công tơ mét,50000,0,65000,30
A2224,Dây công tơ mét,50000,0,65000,31
A2225,Dây công tơ mét,50000,0,75000,8
A2226,Dây công tơ mét,50000,0,75000,9
A2227,Dây công tơ mét,50000,0,75000,36
A2228,Dây công tơ mét,50000,0,55000,6
A2229,Dây cong-to-met Thường,50000,0,120000,29
A2230,Dây cong-to-met Thường,50000,0,120000,25
A2231,Dây cong-to-met Thường,50000,0,160000,34
A2232,Dây cong-to-met Thường,50000,0,145000,35
A2233,Dây cong-to-met Thường,50000,0,95000,28
A2234,Dây cong-to-met Thường,50000,0,95000,18
A2235,Dây cong-to-met Thường,50000,0,95000,21
A2236,Dây cong-to-met Thường,50000,0,95000,22
A2237,Dây cong-to-met Thường,50000,0,95000,20
A2238,Dây cong-to-met Thường,50000,0,95000,32
A2239,Dây cong-to-met Thường,50000,0,95000,10
A2240,Dây cong-to-met Thường,50000,0,95000,2
A2241,Dây cong-to-met Thường,50000,0,160000,27
A2242,Dây cong-to-met Thường,50000,0,160000,15
A2243,Dây cong-to-met Thường,50000,0,95000,1
A2244,Dây cong-to-met Từ,50000,0,,29
A2245,Dây cong-to-met Từ,50000,0,,25
A2246,Dây cong-to-met Từ,50000,0,,34
A2247,Dây cong-to-met Từ,50000,0,,35
A2248,Dây cong-to-met Từ,50000,0,,28
A2249,Dây cong-to-met Từ,50000,0,,18
A2250,Dây cong-to-met Từ,50000,0,850000,21
A2251,Dây cong-to-met Từ,50000,0,,22
A2252,Dây cong-to-met Từ,50000,0,,20
A2253,Dây cong-to-met Từ,50000,0,,32
A2254,Dây cong-to-met Từ,50000,0,,10
A2255,Dây cong-to-met Từ,50000,0,,2
A2256,Dây cong-to-met Từ,50000,0,,27
A2257,Dây cong-to-met Từ,50000,0,,15
A2258,Dây cong-to-met Từ,50000,0,,1
A2259,Dây ăng - ten,50000,0,0,29
A2260,Dây ăng - ten,50000,0,520000,25
A2261,Dây ăng - ten,50000,0,0,34
A2262,Dây ăng - ten,50000,0,0,35
A2263,Dây ăng - ten,50000,0,0,28
A2264,Dây ăng - ten,50000,0,0,18
A2265,Dây ăng - ten,50000,0,0,37
A2266,Dây ăng - ten,50000,0,0,21
A2267,Dây ăng - ten,50000,0,0,22
A2268,Dây ăng - ten,50000,0,0,20
A2269,Dây ăng - ten,50000,0,0,32
A2270,Dây ăng - ten,50000,0,0,10
A2271,Dây ăng - ten,50000,0,0,2
A2272,Dây ăng - ten,50000,0,0,27
A2273,Dây ăng - ten,50000,0,0,15
A2274,Dây ăng - ten,50000,0,0,1
A2275,Dầu phanh,50000,0,30000,38
A2276,Dầu máy XS,50000,0,80000,46
A2277,Dầu máy XG,50000,0,100000,43
A2278,Dầu máy 1 lít,50000,0,120000,19
A2279,Dầu láp,50000,0,75000,43
A2280,Dau bo,50000,0,,13
A2281,Dau bo,50000,0,,47
A2282,Dán cồn,50000,0,320000,13
A2283,Dán 3 búa côn,50000,0,280000,47
A2284,Dán 3 búa côn,50000,0,280000,48
A2285,Chổi Than,50000,0,75000,5
A2286,Chế hòa khí,50000,0,750000,5
A2287,Chế hòa khí,50000,0,520000,4
A2288,Chế hòa khí,50000,0,980000,39
A2289,Chế hòa khí,50000,0,980000,38
A2290,Chế hòa khí,50000,0,980000,40
A2291,Chế hòa khí,50000,0,750000,42
A2292,Chế hòa khí,50000,0,980000,13
A2293,Chế hòa khí,50000,0,360000,13
A2294,Chế hòa khí,50000,0,520000,11
A2295,Chế hòa khí,50000,0,980000,12
A2296,Chế hòa khí,50000,0,1200000,14
A2297,Chế hòa khí,50000,0,1200000,17
A2298,Chế hòa khí,50000,0,1200000,30
A2299,Chế hòa khí,50000,0,1200000,31
A2300,Chế hòa khí,50000,0,,8
A2301,Chế hòa khí,50000,0,,9
A2302,Chế hòa khí,50000,0,,36
A2303,Chế hòa khí,50000,0,520000,6
A2304,Chế hòa khí,50000,0,360000,47
A2305,Chế  phun xăng,50000,0,,29
A2306,Chế  phun xăng,50000,0,,25
A2307,Chế  phun xăng,50000,0,,34
A2308,Chế  phun xăng,50000,0,,35
A2309,Chế  phun xăng,50000,0,,28
A2310,Chế  phun xăng,50000,0,,18
A2311,Chế  phun xăng,50000,0,,37
A2312,Chế  phun xăng,50000,0,,21
A2313,Chế  phun xăng,50000,0,,22
A2314,Chế  phun xăng,50000,0,,20
A2315,Chế  phun xăng,50000,0,,32
A2316,Chế  phun xăng,50000,0,,10
A2317,Chế  phun xăng,50000,0,,2
A2318,Chế  phun xăng,50000,0,,27
A2319,Chế  phun xăng,50000,0,,15
A2320,Chế  phun xăng,50000,0,,1
A2321,Chế,50000,0,,29
A2322,Chế,50000,0,,25
A2323,Chế,50000,0,,34
A2324,Chế,50000,0,,35
A2325,Chế,50000,0,,28
A2326,Chế,50000,0,,18
A2327,Chế,50000,0,,37
A2328,Chế,50000,0,,21
A2329,Chế,50000,0,,22
A2330,Chế,50000,0,,20
A2331,Chế,50000,0,,32
A2332,Chế,50000,0,,10
A2333,Chế,50000,0,,2
A2334,Chế,50000,0,,27
A2335,Chế,50000,0,,15
A2336,Chế,50000,0,,1
A2337,Chân vanĐồng,50000,0,90000,29
A2338,Chân vanĐồng,50000,0,90000,25
A2339,Chân vanĐồng,50000,0,90000,34
A2340,Chân vanĐồng,50000,0,90000,35
A2341,Chân vanĐồng,50000,0,90000,28
A2342,Chân vanĐồng,50000,0,90000,18
A2343,Chân vanĐồng,50000,0,90000,37
A2344,Chân vanĐồng,50000,0,90000,21
A2345,Chân vanĐồng,50000,0,90000,22
A2346,Chân vanĐồng,50000,0,90000,20
A2347,Chân vanĐồng,50000,0,90000,32
A2348,Chân vanĐồng,50000,0,90000,10
A2349,Chân vanĐồng,50000,0,90000,2
A2350,Chân vanĐồng,50000,0,90000,27
A2351,Chân vanĐồng,50000,0,90000,15
A2352,Chân vanĐồng,50000,0,90000,1
A2353,Cuộn điện dế Dream xịn,50000,0,520000,5
A2354,Cuộn điện dế Dream tau,50000,0,230000,5
A2355,Cuộn điện,50000,0,2800000,29
A2356,Cuộn điện,50000,0,1400000,25
A2357,Cuộn điện,50000,0,1400000,34
A2358,Cuộn điện,50000,0,850000,35
A2359,Cuộn điện,50000,0,1200000,28
A2360,Cuộn điện,50000,0,1200000,18
A2361,Cuộn điện,50000,0,1200000,37
A2362,Cuộn điện,50000,0,850000,21
A2363,Cuộn điện,50000,0,850000,22
A2364,Cuộn điện,50000,0,850000,20
A2365,Cuộn điện,50000,0,850000,32
A2366,Cuộn điện,50000,0,850000,10
A2367,Cuộn điện,50000,0,850000,2
A2368,Cuộn điện,50000,0,850000,27
A2369,Cuộn điện,50000,0,850000,15
A2370,Cuộn điện,50000,0,520000,5
A2371,Cuộn điện,50000,0,280000,4
A2372,Cuộn điện,50000,0,520000,39
A2373,Cuộn điện,50000,0,850000,38
A2374,Cuộn điện,50000,0,850000,40
A2375,Cuộn điện,50000,0,520000,42
A2376,Cuộn điện,50000,0,850000,13
A2377,Cuộn điện,50000,0,520000,11
A2378,Cuộn điện,50000,0,850000,12
A2379,Cuộn điện,50000,0,620000,14
A2380,Cuộn điện,50000,0,620000,17
A2381,Cuộn điện,50000,0,480000,30
A2382,Cuộn điện,50000,0,620000,31
A2383,Cuộn điện,50000,0,620000,8
A2384,Cuộn điện,50000,0,620000,9
A2385,Cuộn điện,50000,0,620000,36
A2386,Cuộn điện,50000,0,480000,6
A2387,Cuộn điện,50000,0,1200000,1
A2388,Cuộn điện,50000,0,280000,41
A2389,Củ đề SH - PS,50000,0,2600000,29
A2390,Củ đề,50000,0,1150000,25
A2391,Củ đề,50000,0,850000,34
A2392,Củ đề,50000,0,565000,35
A2393,Củ đề,50000,0,645000,28
A2394,Củ đề,50000,0,645000,18
A2395,Củ đề,50000,0,650000,37
A2396,Củ đề,50000,0,620000,21
A2397,Củ đề,50000,0,530000,22
A2398,Củ đề,50000,0,530000,20
A2399,Củ đề,50000,0,530000,32
A2400,Củ đề,50000,0,520000,10
A2401,Củ đề,50000,0,520000,2
A2402,Củ đề,50000,0,680000,27
A2403,Củ đề,50000,0,620000,15
A2404,Củ đề,50000,0,380000,5
A2405,Củ đề,50000,0,380000,5
A2406,Củ đề,50000,0,380000,4
A2407,Củ đề,50000,0,380000,39
A2408,Củ đề,50000,0,460000,38
A2409,Củ đề,50000,0,460000,40
A2410,Củ đề,50000,0,480000,42
A2411,Củ đề,50000,0,520000,13
A2412,Củ đề,50000,0,380000,11
A2413,Củ đề,50000,0,520000,12
A2414,Củ đề,50000,0,335000,14
A2415,Củ đề,50000,0,335000,17
A2416,Củ đề,50000,0,335000,30
A2417,Củ đề,50000,0,335000,31
A2418,Củ đề,50000,0,720000,8
A2419,Củ đề,50000,0,720000,9
A2420,Củ đề,50000,0,480000,36
A2421,Củ đề,50000,0, ,6
A2422,Củ đề,50000,0,685000,1
A2423,Củ Chân chống SH-PS,50000,0,380000,29
A2424,Củ Chân chống,50000,0,420000,25
A2425,Củ Chân chống,50000,0,180000,34
A2426,Củ Chân chống,50000,0,180000,35
A2427,Củ Chân chống,50000,0,180000,28
A2428,Củ Chân chống,50000,0,180000,18
A2429,Củ Chân chống,50000,0,180000,37
A2430,Củ Chân chống,50000,0,180000,21
A2431,Củ Chân chống,50000,0,180000,22
A2432,Củ Chân chống,50000,0,180000,20
A2433,Củ Chân chống,50000,0,180000,32
A2434,Củ Chân chống,50000,0,180000,10
A2435,Củ Chân chống,50000,0,180000,2
A2436,Củ Chân chống,50000,0,180000,27
A2437,Củ Chân chống,50000,0,180000,15
A2438,Củ Chân chống,50000,0,180000,1
A2439,Công tơ met,50000,0,,29
A2440,Công tơ met,50000,0,,25
A2441,Công tơ met,50000,0,,34
A2442,Công tơ met,50000,0,,35
A2443,Công tơ met,50000,0,,28
A2444,Công tơ met,50000,0,,18
A2445,Công tơ met,50000,0,,37
A2446,Công tơ met,50000,0,620000,21
A2447,Công tơ met,50000,0,85000,22
A2448,Công tơ met,50000,0,,20
A2449,Công tơ met,50000,0,,32
A2450,Công tơ met,50000,0,,10
A2451,Công tơ met,50000,0,,2
A2452,Công tơ met,50000,0,,27
A2453,Công tơ met,50000,0,,15
A2454,Công tơ met,50000,0,,1
A2455,Công tắc Xin nhan,50000,0,150000,29
A2456,Công tắc Xin nhan,50000,0,150000,25
A2457,Công tắc Xin nhan,50000,0,150000,34
A2458,Công tắc Xin nhan,50000,0,120000,35
A2459,Công tắc Xin nhan,50000,0,120000,28
A2460,Công tắc Xin nhan,50000,0,120000,18
A2461,Công tắc Xin nhan,50000,0,120000,37
A2462,Công tắc Xin nhan,50000,0,120000,21
A2463,Công tắc Xin nhan,50000,0,120000,22
A2464,Công tắc Xin nhan,50000,0,120000,20
A2465,Công tắc Xin nhan,50000,0,120000,32
A2466,Công tắc Xin nhan,50000,0,120000,10
A2467,Công tắc Xin nhan,50000,0,120000,2
A2468,Công tắc Xin nhan,50000,0,120000,27
A2469,Công tắc Xin nhan,50000,0,120000,15
A2470,Công tắc Xin nhan,50000,0,120000,1
A2471,Công tắc Phanh tay,50000,0,80000,29
A2472,Công tắc Phanh tay,50000,0,120000,25
A2473,Công tắc Phanh tay,50000,0,80000,34
A2474,Công tắc Phanh tay,50000,0,80000,35
A2475,Công tắc Phanh tay,50000,0,80000,28
A2476,Công tắc Phanh tay,50000,0,80000,18
A2477,Công tắc Phanh tay,50000,0,80000,37
A2478,Công tắc Phanh tay,50000,0,80000,21
A2479,Công tắc Phanh tay,50000,0,80000,22
A2480,Công tắc Phanh tay,50000,0,80000,20
A2481,Công tắc Phanh tay,50000,0,80000,32
A2482,Công tắc Phanh tay,50000,0,80000,10
A2483,Công tắc Phanh tay,50000,0,80000,2
A2484,Công tắc Phanh tay,50000,0,80000,27
A2485,Công tắc Phanh tay,50000,0,80000,15
A2486,Công tắc Phanh tay,50000,0,80000,1
A2487,Công tắc Phanh đĩa,50000,0,120000,29
A2488,Công tắc Phanh đĩa,50000,0,120000,25
A2489,Công tắc Phanh đĩa,50000,0,120000,34
A2490,Công tắc Phanh đĩa,50000,0,120000,35
A2491,Công tắc Phanh đĩa,50000,0,120000,28
A2492,Công tắc Phanh đĩa,50000,0,120000,18
A2493,Công tắc Phanh đĩa,50000,0,120000,37
A2494,Công tắc Phanh đĩa,50000,0,80000,21
A2495,Công tắc Phanh đĩa,50000,0,120000,22
A2496,Công tắc Phanh đĩa,50000,0,120000,20
A2497,Công tắc Phanh đĩa,50000,0,120000,32
A2498,Công tắc Phanh đĩa,50000,0,120000,10
A2499,Công tắc Phanh đĩa,50000,0,120000,2
A2500,Công tắc Phanh đĩa,50000,0,120000,27
A2501,Công tắc Phanh đĩa,50000,0,120000,15
A2502,Công tắc Phanh đĩa,50000,0,120000,1
A2503,Công tắc Pha cốt,50000,0,220000,29
A2504,Công tắc Pha cốt,50000,0,180000,25
A2505,Công tắc Pha cốt,50000,0,180000,34
A2506,Công tắc Pha cốt,50000,0,80000,35
A2507,Công tắc Pha cốt,50000,0,80000,28
A2508,Công tắc Pha cốt,50000,0,80000,18
A2509,Công tắc Pha cốt,50000,0,80000,37
A2510,Công tắc Pha cốt,50000,0,80000,21
A2511,Công tắc Pha cốt,50000,0,80000,22
A2512,Công tắc Pha cốt,50000,0,80000,20
A2513,Công tắc Pha cốt,50000,0,80000,32
A2514,Công tắc Pha cốt,50000,0,80000,10
A2515,Công tắc Pha cốt,50000,0,80000,2
A2516,Công tắc Pha cốt,50000,0,80000,27
A2517,Công tắc Pha cốt,50000,0,80000,15
A2518,Công tắc Pha cốt,50000,0,80000,1
A2519,Công tắc Đề,50000,0,150000,29
A2520,Công tắc Đề,50000,0,150000,25
A2521,Công tắc Đề,50000,0,150000,34
A2522,Công tắc Đề,50000,0,50000,35
A2523,Công tắc Đề,50000,0,120000,28
A2524,Công tắc Đề,50000,0,120000,18
A2525,Công tắc Đề,50000,0,120000,37
A2526,Công tắc Đề,50000,0,80000,21
A2527,Công tắc Đề,50000,0,120000,22
A2528,Công tắc Đề,50000,0,120000,20
A2529,Công tắc Đề,50000,0,120000,32
A2530,Công tắc Đề,50000,0,120000,10
A2531,Công tắc Đề,50000,0,120000,2
A2532,Công tắc Đề,50000,0,120000,27
A2533,Công tắc Đề,50000,0,120000,15
A2534,Công tắc Đề,50000,0,50000,1
A2535,Công tắc Đèn,50000,0,180000,29
A2536,Công tắc Đèn,50000,0,180000,25
A2537,Công tắc Đèn,50000,0,180000,34
A2538,Công tắc Đèn,50000,0,80000,35
A2539,Công tắc Đèn,50000,0,80000,28
A2540,Công tắc Đèn,50000,0,80000,18
A2541,Công tắc Đèn,50000,0,120000,37
A2542,Công tắc Đèn,50000,0,80000,21
A2543,Công tắc Đèn,50000,0,120000,22
A2544,Công tắc Đèn,50000,0,120000,20
A2545,Công tắc Đèn,50000,0,120000,32
A2546,Công tắc Đèn,50000,0,120000,10
A2547,Công tắc Đèn,50000,0,120000,2
A2548,Công tắc Đèn,50000,0,120000,27
A2549,Công tắc Đèn,50000,0,120000,15
A2550,Công tắc Đèn,50000,0,80000,1
A2551,Công tắc Còi,50000,0,150000,29
A2552,Công tắc Còi,50000,0,150000,25
A2553,Công tắc Còi,50000,0,150000,34
A2554,Công tắc Còi,50000,0,50000,35
A2555,Công tắc Còi,50000,0,50000,28
A2556,Công tắc Còi,50000,0,50000,18
A2557,Công tắc Còi,50000,0,50000,37
A2558,Công tắc Còi,50000,0,50000,21
A2559,Công tắc Còi,50000,0,50000,22
A2560,Công tắc Còi,50000,0,50000,20
A2561,Công tắc Còi,50000,0,50000,32
A2562,Công tắc Còi,50000,0,50000,10
A2563,Công tắc Còi,50000,0,50000,2
A2564,Công tắc Còi,50000,0,50000,27
A2565,Công tắc Còi,50000,0,50000,15
A2566,Công tắc Còi,50000,0,50000,1
A2567,Còi XS,50000,0,75000,46
A2568,Căn bánh trước,50000,0,45000,19
A2569,Cài đặt bộ điều hành,50000,0,250000,19
A2570,Buzzi CN,50000,0,55000,19
A2571,Buzzi CD,50000,0,120000,19
A2572,Buzzi,50000,0,180000,29
A2573,Buzzi,50000,0,240000,25
A2574,Buzzi,50000,0,120000,34
A2575,Buzzi,50000,0,120000,35
A2576,Buzzi,50000,0,120000,28
A2577,Buzzi,50000,0,120000,18
A2578,Buzzi,50000,0,120000,3
A2579,Buzzi,50000,0,120000,37
A2580,Buzzi,50000,0,95000,21
A2581,Buzzi,50000,0,95000,22
A2582,Buzzi,50000,0,95000,20
A2583,Buzzi,50000,0,95000,32
A2584,Buzzi,50000,0,95000,10
A2585,Buzzi,50000,0,95000,2
A2586,Buzzi,50000,0,120000,27
A2587,Buzzi,50000,0,120000,15
A2588,Buzzi,50000,0,120000,1
A2589,Búa côn,50000,0,980000,29
A2590,Búa côn,50000,0,720000,34
A2591,Búa côn,50000,0,580000,35
A2592,Búa côn,50000,0,580000,28
A2593,Búa côn,50000,0,580000,18
A2594,Búa côn,50000,0,580000,3
A2595,Búa côn,50000,0,580000,37
A2596,Búa côn,50000,0,580000,21
A2597,Búa côn,50000,0,580000,22
A2598,Búa côn,50000,0,580000,20
A2599,Búa côn,50000,0,580000,32
A2600,Búa côn,50000,0,580000,10
A2601,Búa côn,50000,0,580000,2
A2602,Búa côn,50000,0,580000,27
A2603,Búa côn,50000,0,580000,15
A2604,Búa côn,50000,0,580000,13
A2605,Búa côn,50000,0,580000,1
A2606,Búa côn,50000,0,420000,47
A2607,Búa côn,50000,0,460000,48
A2608,Bơm xăng SH-PS,50000,0,3680000,29
A2609,Bơm xăng,50000,0,2860000,25
A2610,Bơm xăng,50000,0,0,34
A2611,Bơm xăng,50000,0,0,35
A2612,Bơm xăng,50000,0,2530000,28
A2613,Bơm xăng,50000,0,2530000,18
A2614,Bơm xăng,50000,0,0,3
A2615,Bơm xăng,50000,0,,37
A2616,Bơm xăng,50000,0,0,21
A2617,Bơm xăng,50000,0,0,22
A2618,Bơm xăng,50000,0,0,20
A2619,Bơm xăng,50000,0,0,32
A2620,Bơm xăng,50000,0,0,10
A2621,Bơm xăng,50000,0,2350000,2
A2622,Bơm xăng,50000,0,0,27
A2623,Bơm xăng,50000,0,0,15
A2624,Bơm xăng,50000,0,2460000,1
A2625,Bốn Sup pap,50000,0,0,29
A2626,Bốn Sup pap,50000,0,0,25
A2627,Bốn Sup pap,50000,0,0,33
A2628,Bốn Sup pap,50000,0,0,18
A2629,Bốn Sup pap,50000,0,0,44
A2630,Bốn Sup pap,50000,0,580000,45
A2631,Bộ xec-măng,50000,0,820000,29
A2632,Bộ xec-măng,50000,0,850000,25
A2633,Bộ xec-măng,50000,0,530000,33
A2634,Bộ xec-măng,50000,0,530000,18
A2635,Bộ xec-măng,50000,0,245000,13
A2636,Bộ xec-măng,50000,0,480000,44
A2637,Bộ xec-măng,50000,0,530000,45
A2638,Bộ xec-măng,50000,0,245000,47
A2639,Bộ xec-măng,50000,0,265000,48
A2640,Bộ phớt máy,50000,0,120000,13
A2641,Bộ phớt máy,50000,0,120000,47
A2642,Bộ phớt máy,50000,0,90000,48
A2643,Bộ phớt điện,50000,0,480000,29
A2644,Bộ phớt điện,50000,0,480000,25
A2645,Bộ phớt điện,50000,0,320000,33
A2646,Bộ phớt điện,50000,0,320000,18
A2647,Bộ phớt điện,50000,0,320000,44
A2648,Bộ phớt điện,50000,0,320000,45
A2649,Bộ láp SH-PS,50000,0,8500000,29
A2650,Bộ láp,50000,0,9500000,29
A2651,Bộ láp,50000,0,5200000,25
A2652,Bộ láp,50000,0,3200000,34
A2653,Bộ láp,50000,0,4500000,34
A2654,Bộ láp,50000,0,2200000,35
A2655,Bộ láp,50000,0,2200000,35
A2656,Bộ láp,50000,0,2300000,28
A2657,Bộ láp,50000,0,2200000,28
A2658,Bộ láp,50000,0,2300000,18
A2659,Bộ láp,50000,0,2200000,18
A2660,Bộ láp,50000,0,2300000,3
A2661,Bộ láp,50000,0,,3
A2662,Bộ láp,50000,0,2800000,37
A2663,Bộ láp,50000,0,3200000,37
A2664,Bộ láp,50000,0,1800000,21
A2665,Bộ láp,50000,0,1800000,21
A2666,Bộ láp,50000,0,1050000,22
A2667,Bộ láp,50000,0,1100000,22
A2668,Bộ láp,50000,0,1200000,20
A2669,Bộ láp,50000,0,1300000,20
A2670,Bộ láp,50000,0,1800000,32
A2671,Bộ láp,50000,0,1800000,32
A2672,Bộ láp,50000,0,1800000,10
A2673,Bộ láp,50000,0,1800000,10
A2674,Bộ láp,50000,0,1200000,2
A2675,Bộ láp,50000,0,1800000,2
A2676,Bộ láp,50000,0,1800000,27
A2677,Bộ láp,50000,0,2200000,27
A2678,Bộ láp,50000,0,2000000,15
A2679,Bộ láp,50000,0,2600000,15
A2680,Bộ láp,50000,0,2800000,1
A2681,Bộ láp,50000,0,2800000,1
A2682,Bộ lá côn tải,50000,0,380000,13
A2683,Bộ lá côn tải,50000,0,320000,47
A2684,Bộ lá côn tải,50000,0,480000,48
A2685,Bộ lá côn tải,50000,0,1250000,7
A2686,Bộ ECU điều khiển không từ,50000,0,0,29
A2687,Bộ ECU điều khiển không từ,50000,0,3500000,25
A2688,Bộ ECU điều khiển không từ,50000,0,1800000,34
A2689,Bộ ECU điều khiển không từ,50000,0,1800000,35
A2690,Bộ ECU điều khiển không từ,50000,0,,28
A2691,Bộ ECU điều khiển không từ,50000,0,,18
A2692,Bộ ECU điều khiển không từ,50000,0,,37
A2693,Bộ ECU điều khiển không từ,50000,0,,21
A2694,Bộ ECU điều khiển không từ,50000,0,720000,22
A2695,Bộ ECU điều khiển không từ,50000,0,720000,20
A2696,Bộ ECU điều khiển không từ,50000,0,,32
A2697,Bộ ECU điều khiển không từ,50000,0,,10
A2698,Bộ ECU điều khiển không từ,50000,0,850000,2
A2699,Bộ ECU điều khiển không từ,50000,0,,27
A2700,Bộ ECU điều khiển không từ,50000,0,,15
A2701,Bộ ECU điều khiển không từ,50000,0,,1
A2702,Bộ ECU điều khiển FI,50000,0,8500000,29
A2703,Bộ ECU điều khiển FI,50000,0,7800000,25
A2704,Bộ ECU điều khiển FI,50000,0,0,34
A2705,Bộ ECU điều khiển FI,50000,0,,35
A2706,Bộ ECU điều khiển FI,50000,0,3800000,28
A2707,Bộ ECU điều khiển FI,50000,0,3800000,18
A2708,Bộ ECU điều khiển FI,50000,0,,37
A2709,Bộ ECU điều khiển FI,50000,0,,21
A2710,Bộ ECU điều khiển FI,50000,0,,22
A2711,Bộ ECU điều khiển FI,50000,0,,20
A2712,Bộ ECU điều khiển FI,50000,0,,32
A2713,Bộ ECU điều khiển FI,50000,0,,10
A2714,Bộ ECU điều khiển FI,50000,0,,2
A2715,Bộ ECU điều khiển FI,50000,0,,27
A2716,Bộ ECU điều khiển FI,50000,0,,15
A2717,Bộ ECU điều khiển FI,50000,0,3800000,1
A2718,Bộ ECU điều khiển có từ,50000,0,5200000,29
A2719,Bộ ECU điều khiển có từ,50000,0,4800000,25
A2720,Bộ ECU điều khiển có từ,50000,0,0,34
A2721,Bộ ECU điều khiển có từ,50000,0,,35
A2722,Bộ ECU điều khiển có từ,50000,0,,28
A2723,Bộ ECU điều khiển có từ,50000,0,,18
A2724,Bộ ECU điều khiển có từ,50000,0,,37
A2725,Bộ ECU điều khiển có từ,50000,0,,21
A2726,Bộ ECU điều khiển có từ,50000,0,,22
A2727,Bộ ECU điều khiển có từ,50000,0,,20
A2728,Bộ ECU điều khiển có từ,50000,0,,32
A2729,Bộ ECU điều khiển có từ,50000,0,,10
A2730,Bộ ECU điều khiển có từ,50000,0,,2
A2731,Bộ ECU điều khiển có từ,50000,0,,27
A2732,Bộ ECU điều khiển có từ,50000,0,,15
A2733,Bộ ECU điều khiển có từ,50000,0,,1
A2734,Bộ Doong máy,50000,0,180000,47
A2735,Bộ doong đầu,50000,0,120000,47
A2736,Bộ Doong,50000,0,180000,13
A2737,Bộ Doong,50000,0,180000,48
A2738,Bộ côn trước L2,50000,0,1800000,29
A2739,Bộ côn trước,50000,0,3200000,29
A2740,Bộ côn trước,50000,0,1350000,25
A2741,Bộ côn trước,50000,0,2100000,34
A2742,Bộ côn trước,50000,0,1600000,35
A2743,Bộ côn trước,50000,0,1200000,28
A2744,Bộ côn trước,50000,0,1200000,18
A2745,Bộ côn trước,50000,0,1200000,3
A2746,Bộ côn trước,50000,0,2500000,37
A2747,Bộ côn trước,50000,0,2300000,21
A2748,Bộ côn trước,50000,0,1100000,22
A2749,Bộ côn trước,50000,0,1100000,20
A2750,Bộ côn trước,50000,0,1800000,32
A2751,Bộ côn trước,50000,0,1800000,10
A2752,Bộ côn trước,50000,0,1200000,2
A2753,Bộ côn trước,50000,0,1400000,27
A2754,Bộ côn trước,50000,0,1800000,15
A2755,Bộ côn trước,50000,0,1200000,1
A2756,Bộ côn sau,50000,0,3400000,29
A2757,Bộ côn sau,50000,0,3200000,25
A2758,Bộ côn sau,50000,0,3100000,34
A2759,Bộ côn sau,50000,0,2300000,35
A2760,Bộ côn sau,50000,0,2500000,28
A2761,Bộ côn sau,50000,0,2500000,18
A2762,Bộ côn sau,50000,0,2300000,3
A2763,Bộ côn sau,50000,0,2800000,37
A2764,Bộ côn sau,50000,0,2300000,21
A2765,Bộ côn sau,50000,0,1300000,22
A2766,Bộ côn sau,50000,0,1300000,20
A2767,Bộ côn sau,50000,0,1800000,32
A2768,Bộ côn sau,50000,0,1800000,10
A2769,Bộ côn sau,50000,0,1600000,2
A2770,Bộ côn sau,50000,0,1600000,27
A2771,Bộ côn sau,50000,0,1600000,15
A2772,Bộ côn sau,50000,0,2500000,1
A2773,Bộ cảm biến bướm ga,50000,0,850000,18
A2774,Bộ Bô Đểu,50000,0,380000,5
A2775,Bộ Bô,50000,0,950000,5
A2776,Bộ bat phot,50000,0,650000,29
A2777,Bộ bat phot,50000,0,680000,25
A2778,Bộ bat phot,50000,0,420000,34
A2779,Bộ bat phot,50000,0,380000,35
A2780,Bộ bat phot,50000,0,420000,28
A2781,Bộ bat phot,50000,0,420000,18
A2782,Bộ bat phot,50000,0,420000,3
A2783,Bộ bat phot,50000,0,420000,37
A2784,Bộ bat phot,50000,0,380000,21
A2785,Bộ bat phot,50000,0,380000,22
A2786,Bộ bat phot,50000,0,380000,20
A2787,Bộ bat phot,50000,0,420000,32
A2788,Bộ bat phot,50000,0,420000,10
A2789,Bộ bat phot,50000,0,380000,2
A2790,Bộ bat phot,50000,0,420000,27
A2791,Bộ bat phot,50000,0,420000,15
A2792,Bộ bat phot,50000,0,420000,1
A2793,Bô,50000,0,,29
A2794,Bô,50000,0,,25
A2795,Bô,50000,0,,34
A2796,Bô,50000,0,,35
A2797,Bô,50000,0,,28
A2798,Bô,50000,0,,18
A2799,Bô,50000,0,,3
A2800,Bô,50000,0,,37
A2801,Bô,50000,0,,21
A2802,Bô,50000,0,,22
A2803,Bô,50000,0,,20
A2804,Bô,50000,0,,32
A2805,Bô,50000,0,,10
A2806,Bô,50000,0,,2
A2807,Bô,50000,0,,27
A2808,Bô,50000,0,,15
A2809,Bô,50000,0,,5
A2810,Bô,50000,0,,4
A2811,Bô,50000,0,980000,39
A2812,Bô,50000,0,,38
A2813,Bô,50000,0,,40
A2814,Bô,50000,0,,42
A2815,Bô,50000,0,,13
A2816,Bô,50000,0,,11
A2817,Bô,50000,0,,12
A2818,Bô,50000,0,,14
A2819,Bô,50000,0,,17
A2820,Bô,50000,0,,30
A2821,Bô,50000,0,,31
A2822,Bô,50000,0,,8
A2823,Bô,50000,0,,9
A2824,Bô,50000,0,,36
A2825,Bô,50000,0,,6
A2826,Bô,50000,0,,1
A2827,Bóng xin nhan,50000,0,45000,29
A2828,Bóng xin nhan,50000,0,60000,25
A2829,Bóng xin nhan,50000,0,80000,34
A2830,Bóng xin nhan,50000,0,25000,35
A2831,Bóng xin nhan,50000,0,25000,28
A2832,Bóng xin nhan,50000,0,25000,18
A2833,Bóng xin nhan,50000,0,25000,3
A2834,Bóng xin nhan,50000,0,25000,37
A2835,Bóng xin nhan,50000,0,25000,21
A2836,Bóng xin nhan,50000,0,25000,22
A2837,Bóng xin nhan,50000,0,25000,20
A2838,Bóng xin nhan,50000,0,25000,32
A2839,Bóng xin nhan,50000,0,25000,10
A2840,Bóng xin nhan,50000,0,25000,2
A2841,Bóng xin nhan,50000,0,25000,27
A2842,Bóng xin nhan,50000,0,25000,15
A2843,Bóng xin nhan,50000,0,25000,1
A2844,Bóng táp lô,50000,0,15000,29
A2845,Bóng táp lô,50000,0,15000,25
A2846,Bóng táp lô,50000,0,15000,34
A2847,Bóng táp lô,50000,0,10000,35
A2848,Bóng táp lô,50000,0,10000,28
A2849,Bóng táp lô,50000,0,10000,18
A2850,Bóng táp lô,50000,0,10000,3
A2851,Bóng táp lô,50000,0,10000,37
A2852,Bóng táp lô,50000,0,10000,21
A2853,Bóng táp lô,50000,0,10000,22
A2854,Bóng táp lô,50000,0,10000,20
A2855,Bóng táp lô,50000,0,10000,32
A2856,Bóng táp lô,50000,0,10000,10
A2857,Bóng táp lô,50000,0,10000,2
A2858,Bóng táp lô,50000,0,10000,27
A2859,Bóng táp lô,50000,0,10000,15
A2860,Bóng táp lô,50000,0,10000,1
A2861,Bóng pha,50000,0,220000,29
A2862,Bóng pha,50000,0,180000,25
A2863,Bóng pha,50000,0,180000,34
A2864,Bóng pha,50000,0,180000,35
A2865,Bóng pha,50000,0,180000,28
A2866,Bóng pha,50000,0,180000,18
A2867,Bóng pha,50000,0,180000,3
A2868,Bóng pha,50000,0,180000,37
A2869,Bóng pha,50000,0,180000,21
A2870,Bóng pha,50000,0,180000,22
A2871,Bóng pha,50000,0,180000,20
A2872,Bóng pha,50000,0,180000,32
A2873,Bóng pha,50000,0,180000,10
A2874,Bóng pha,50000,0,180000,2
A2875,Bóng pha,50000,0,180000,27
A2876,Bóng pha,50000,0,180000,15
A2877,Bóng pha,50000,0,180000,1
A2878,Bóng hậu ( 1 quả),50000,0,70000,29
A2879,Bóng hậu ( 1 quả),50000,0,80000,25
A2880,Bóng hậu ( 1 quả),50000,0,90000,34
A2881,Bóng hậu ( 1 quả),50000,0,30000,35
A2882,Bóng hậu ( 1 quả),50000,0,30000,28
A2883,Bóng hậu ( 1 quả),50000,0,30000,18
A2884,Bóng hậu ( 1 quả),50000,0,30000,3
A2885,Bóng hậu ( 1 quả),50000,0,30000,37
A2886,Bóng hậu ( 1 quả),50000,0,30000,21
A2887,Bóng hậu ( 1 quả),50000,0,30000,22
A2888,Bóng hậu ( 1 quả),50000,0,30000,20
A2889,Bóng hậu ( 1 quả),50000,0,30000,32
A2890,Bóng hậu ( 1 quả),50000,0,30000,10
A2891,Bóng hậu ( 1 quả),50000,0,30000,2
A2892,Bóng hậu ( 1 quả),50000,0,30000,27
A2893,Bóng hậu ( 1 quả),50000,0,30000,15
A2894,Bóng hậu ( 1 quả),50000,0,30000,1
A2895,Bóng hậu,50000,0,40000,5
A2896,Bóng hậu,50000,0,40000,4
A2897,Bóng hậu,50000,0,40000,39
A2898,Bóng hậu,50000,0,40000,38
A2899,Bóng hậu,50000,0,40000,40
A2900,Bóng hậu,50000,0,40000,42
A2901,Bóng hậu,50000,0,40000,13
A2902,Bóng hậu,50000,0,40000,11
A2903,Bóng hậu,50000,0,40000,12
A2904,Bóng hậu,50000,0,40000,14
A2905,Bóng hậu,50000,0,40000,17
A2906,Bóng hậu,50000,0,40000,30
A2907,Bóng hậu,50000,0,40000,31
A2908,Bóng hậu,50000,0,40000,8
A2909,Bóng hậu,50000,0,40000,9
A2910,Bóng hậu,50000,0,40000,36
A2911,Bóng hậu,50000,0,40000,6
A2912,Bóng đèn pha,50000,0,40000,5
A2913,Bóng đèn pha,50000,0,60000,4
A2914,Bóng đèn pha,50000,0,120000,39
A2915,Bóng đèn pha,50000,0,120000,38
A2916,Bóng đèn pha,50000,0,120000,40
A2917,Bóng đèn pha,50000,0,120000,42
A2918,Bóng đèn pha,50000,0,120000,13
A2919,Bóng đèn pha,50000,0,60000,11
A2920,Bóng đèn pha,50000,0,60000,12
A2921,Bóng đèn pha,50000,0,60000,14
A2922,Bóng đèn pha,50000,0,120000,17
A2923,Bóng đèn pha,50000,0,60000,30
A2924,Bóng đèn pha,50000,0,120000,31
A2925,Bóng đèn pha,50000,0,120000,8
A2926,Bóng đèn pha,50000,0,120000,9
A2927,Bóng đèn pha,50000,0,120000,36
A2928,Bóng đèn pha,50000,0,120000,6
A2929,Bi trục cam,50000,0,380000,29
A2930,Bi trục cam,50000,0,380000,25
A2931,Bi trục cam,50000,0,220000,33
A2932,Bi trục cam,50000,0,220000,18
A2933,Bi trục cam,50000,0,160000,13
A2934,Bi trục cam,50000,0,220000,44
A2935,Bi trục cam,50000,0,220000,45
A2936,Bi trục cam,50000,0,160000,47
A2937,Bi trục cam,50000,0,180000,48
A2938,Bi rọ bát côn,50000,0,90000,42
A2939,Bi nhông 6004 ,50000,0,80000,9
A2940,Bi nhông   ,50000,0,45000,5
A2941,Bi nhông   ,50000,0,45000,4
A2942,Bi nhông   ,50000,0,45000,39
A2943,Bi nhông   ,50000,0,45000,38
A2944,Bi nhông   ,50000,0,45000,40
A2945,Bi nhông   ,50000,0,45000,42
A2946,Bi nhông   ,50000,0,45000,13
A2947,Bi nhông   ,50000,0,45000,11
A2948,Bi nhông   ,50000,0,45000,12
A2949,Bi nhông   ,50000,0,55000,14
A2950,Bi nhông   ,50000,0,55000,17
A2951,Bi nhông   ,50000,0,55000,30
A2952,Bi nhông   ,50000,0,55000,31
A2953,Bi nhông   ,50000,0,55000,8
A2954,Bi nhông   ,50000,0,55000,36
A2955,Bi nhông   ,50000,0,45000,6
A2956,Bi lap SH-PS,50000,0,580000,29
A2957,Bi lap,50000,0,530000,25
A2958,Bi lap,50000,0,480000,34
A2959,Bi lap,50000,0,480000,35
A2960,Bi lap,50000,0,480000,28
A2961,Bi lap,50000,0,480000,18
A2962,Bi lap,50000,0,480000,3
A2963,Bi lap,50000,0,480000,37
A2964,Bi lap,50000,0,480000,21
A2965,Bi lap,50000,0,480000,22
A2966,Bi lap,50000,0,480000,20
A2967,Bi lap,50000,0,480000,32
A2968,Bi lap,50000,0,480000,10
A2969,Bi lap,50000,0,480000,2
A2970,Bi lap,50000,0,480000,27
A2971,Bi lap,50000,0,480000,15
A2972,Bi lap,50000,0,480000,1
A2973,Bi đề Wase, Dream,50000,0,65000,5
A2974,Bi cơ,50000,0,980000,29
A2975,Bi cơ,50000,0,860000,25
A2976,Bi cơ,50000,0,720000,33
A2977,Bi cơ,50000,0,720000,18
A2978,Bi cơ,50000,0,390000,13
A2979,Bi cơ,50000,0,720000,44
A2980,Bi cơ,50000,0,720000,45
A2981,Bi cơ,50000,0,290000,47
A2982,Bi cơ,50000,0,360000,48
A2983,Bi côn,50000,0,480000,29
A2984,Bi côn,50000,0,420000,25
A2985,Bi côn,50000,0,480000,34
A2986,Bi côn,50000,0,320000,35
A2987,Bi côn,50000,0,320000,28
A2988,Bi côn,50000,0,320000,18
A2989,Bi côn,50000,0,320000,3
A2990,Bi côn,50000,0,320000,37
A2991,Bi côn,50000,0,320000,21
A2992,Bi côn,50000,0,280000,22
A2993,Bi côn,50000,0,280000,20
A2994,Bi côn,50000,0,320000,32
A2995,Bi côn,50000,0,320000,10
A2996,Bi côn,50000,0,280000,2
A2997,Bi côn,50000,0,320000,27
A2998,Bi côn,50000,0,320000,15
A2999,Bi côn,50000,0,320000,1
A3000,Bi banh   ,50000,0,80000,5
A3001,Bi banh   ,50000,0,80000,4
A3002,Bi banh   ,50000,0,110000,39
A3003,Bi banh   ,50000,0,80000,38
A3004,Bi banh   ,50000,0,80000,40
A3005,Bi banh   ,50000,0,80000,42
A3006,Bi banh   ,50000,0,80000,13
A3007,Bi banh   ,50000,0,80000,11
A3008,Bi banh   ,50000,0,80000,12
A3009,Bi banh   ,50000,0,80000,14
A3010,Bi banh   ,50000,0,80000,17
A3011,Bi banh   ,50000,0,80000,30
A3012,Bi banh   ,50000,0,80000,31
A3013,Bi banh   ,50000,0,80000,8
A3014,Bi banh   ,50000,0,80000,9
A3015,Bi banh   ,50000,0,80000,36
A3016,Bi banh   ,50000,0,80000,6
A3017,Bi 6004 ( vòng),50000,0,55000,19
A3018,Bi 300 ( đôi),50000,0,110000,19
A3019,Bi 203 ( vòng),50000,0,45000,19
A3020,Bi 201 ( đôi),50000,0,110000,19
A3021,Bi 200 (đôi),50000,0,110000,19
A3022,Bi  301 (đôi),50000,0,110000,19
A3023,Bat phot,50000,0,245000,5
A3024,Bat phot,50000,0,245000,4
A3025,Bat phot,50000,0,245000,39
A3026,Bat phot,50000,0,245000,38
A3027,Bat phot,50000,0,245000,40
A3028,Bat phot,50000,0,245000,42
A3029,Bat phot,50000,0,245000,13
A3030,Bat phot,50000,0,245000,11
A3031,Bat phot,50000,0,245000,12
A3032,Bat phot,50000,0,285000,14
A3033,Bat phot,50000,0,285000,17
A3034,Bat phot,50000,0,285000,30
A3035,Bat phot,50000,0,285000,31
A3036,Bat phot,50000,0,285000,8
A3037,Bat phot,50000,0,285000,9
A3038,Bat phot,50000,0,285000,36
A3039,Bat phot,50000,0,245000,6
A3040,Bát đề,50000,0,,5
A3041,Bát đề,50000,0,,4
A3042,Bát đề,50000,0,,39
A3043,Bát đề,50000,0,,38
A3044,Bát đề,50000,0,,40
A3045,Bát đề,50000,0,,42
A3046,Bát đề,50000,0,,13
A3047,Bát đề,50000,0,,11
A3048,Bát đề,50000,0,,12
A3049,Bát đề,50000,0,,14
A3050,Bát đề,50000,0,,17
A3051,Bát đề,50000,0,,30
A3052,Bát đề,50000,0,,31
A3053,Bát đề,50000,0,420000,8
A3054,Bát đề,50000,0,420000,9
A3055,Bát đề,50000,0,,36
A3056,Bát đề,50000,0,,6
A3057,Bát côn sau,50000,0,850000,29
A3058,Bát côn sau,50000,0,980000,25
A3059,Bát côn sau,50000,0,850000,34
A3060,Bát côn sau,50000,0,680000,35
A3061,Bát côn sau,50000,0,680000,28
A3062,Bát côn sau,50000,0,680000,18
A3063,Bát côn sau,50000,0,680000,3
A3064,Bát côn sau,50000,0,680000,37
A3065,Bát côn sau,50000,0,650000,21
A3066,Bát côn sau,50000,0,420000,22
A3067,Bát côn sau,50000,0,420000,20
A3068,Bát côn sau,50000,0,520000,32
A3069,Bát côn sau,50000,0,520000,10
A3070,Bát côn sau,50000,0,920000,2
A3071,Bát côn sau,50000,0,680000,27
A3072,Bát côn sau,50000,0,680000,15
A3073,Bát côn sau,50000,0,680000,1
A3074,Bát bi đề,50000,0,75000,5
A3075,Bảo vệ côn,50000,0,65000,39
A3076,Bảo dưỡng toàn bộ XS,50000,0,120000,46
A3077,Bảo dưỡng toàn bộ XG,50000,0,160000,43
A3078,Bánh tỳ trung gian,50000,0,70000,13
A3079,Bánh tỳ trung gian,50000,0,70000,47
A3080,Bạc máy,50000,0,1150000,29
A3081,Bạc máy,50000,0,1150000,25
A3082,Bạc máy,50000,0,1150000,34
A3083,Bạc máy,50000,0,850000,35
A3084,Bạc máy,50000,0,0,28
A3085,Bạc máy,50000,0,0,18
A3086,Bạc máy,50000,0,0,3
A3087,Bạc máy,50000,0,0,37
A3088,Bạc máy,50000,0,0,21
A3089,Bạc máy,50000,0,680000,22
A3090,Bạc máy,50000,0,680000,20
A3091,Bạc máy,50000,0,680000,32
A3092,Bạc máy,50000,0,680000,10
A3093,Bạc máy,50000,0,550000,2
A3094,Bạc máy,50000,0,680000,27
A3095,Bạc máy,50000,0,680000,15
A3096,Bạc máy,50000,0,0,1
A3097,Bạc Côn,50000,0,,29
A3098,Bạc Côn,50000,0,,25
A3099,Bạc Côn,50000,0,,34
A3100,Bạc Côn,50000,0,,35
A3101,Bạc Côn,50000,0,,28
A3102,Bạc Côn,50000,0,,18
A3103,Bạc Côn,50000,0,,3
A3104,Bạc Côn,50000,0,,37
A3105,Bạc Côn,50000,0,,21
A3106,Bạc Côn,50000,0,,22
A3107,Bạc Côn,50000,0,,20
A3108,Bạc Côn,50000,0,,32
A3109,Bạc Côn,50000,0,,10
A3110,Bạc Côn,50000,0,,2
A3111,Bạc Côn,50000,0,,27
A3112,Bạc Côn,50000,0,,15
A3113,Bạc Côn,50000,0,180000,1
A3114,Ắc pittong,50000,0,180000,29
A3115,Ắc pittong,50000,0,180000,25
A3116,Ắc pittong,50000,0,120000,33
A3117,Ắc pittong,50000,0,120000,18
A3118,Ắc pittong,50000,0,120000,44
A3119,Ắc pittong,50000,0,120000,45
A3120,Ác quy Novo,50000,0,520000,19
A3121,Ác quy 9A lùn,50000,0,720000,19
A3122,Ác quy 9A cao,50000,0,850000,19
A3123,Ác quy 7A cao,50000,0,680000,19
A3124,Ac quy 7A  lùn    ,50000,0,620000,19
A3125,Ac quy 6A,50000,0,480000,19
A3126,Ác quy 5A lùn,50000,0,315000,19
A3127,Ác quy 5A cao,50000,0,335000,19
A3128,Ac quy 4A,50000,0,315000,19
A3129,Ác quy 10A ,50000,0,950000,19
A3130,Ác pittong,50000,0,,13
A3131,Ác pittong,50000,0,80000,47
A3132,Ác pittong,50000,0,80000,48
A3133, Rơ le xi nhan,50000,0,280000,34
A3134, Rơ le xi nhan,50000,0,280000,35
A3135, Rơ le xi nhan,50000,0,120000,28
A3136, Rơ le xi nhan,50000,0,120000,3
A3137, Rơ le xi nhan,50000,0,120000,37
A3138, Rơ le xi nhan,50000,0,120000,21
A3139, Rơ le xi nhan,50000,0,120000,32
A3140, Rơ le xi nhan,50000,0,120000,10
A3141, Rơ le xi nhan,50000,0,120000,2
A3142, Rơ le xi nhan,50000,0,120000,27
A3143, Rơ le xi nhan,50000,0,120000,15
A3144, Rơ le xi nhan,50000,0,120000,24
A3145, Rơ le xi nhan,50000,0,120000,1
